"ITTER107","Territorio","TIPO_DATO8","Tipo dato","MISURA1","Misura","COICOP_CEF2","Gruppo di spesa","TIME","Seleziona periodo","Value","Flag Codes","Flags"
"ITD4","Friuli-Venezia Giulia","SPESA_MEDIA","spesa media mensile familiare (in euro correnti)","15","valori medi","2_3","abitazione (principale e secondaria)","2013","2013",742.11,,
"ITE1","Toscana","SPESA_MEDIA","spesa media mensile familiare (in euro correnti)","15","valori medi","1_7","zucchero, caffè e drogheria","2013","2013",33.64,,
"ITD2","Provincia Autonoma Trento","SPESA_MEDIA","spesa media mensile familiare (in euro correnti)","15","valori medi","1_3","pesce","2013","2013",27.24,,
"ITE1","Toscana","SPESA_MEDIA","spesa media mensile familiare (in euro correnti)","15","valori medi","1_3","pesce","2013","2013",38.82,,
"ITD5","Emilia-Romagna","SPESA_MEDIA","spesa media mensile familiare (in euro correnti)","15","valori medi","2_7","trasporti","2013","2013",411.74,,
"ITF3","Campania","SPESA_MEDIA","spesa media mensile familiare (in euro correnti)","15","valori medi","1_3","pesce","2013","2013",57.02,,
"ITC4","Lombardia","SPESA_MEDIA","spesa media mensile familiare (in euro correnti)","15","valori medi","2_1","tabacchi","2013","2013",21.17,,
"ITC","Nord-ovest","SPESA_MEDIA","spesa media mensile familiare (in euro correnti)","15","valori medi","1_1","pane e cereali","2013","2013",79.26,,
"ITC4","Lombardia","SPESA_MEDIA","spesa media mensile familiare (in euro correnti)","15","valori medi","2_9","istruzione","2013","2013",38.57,,
"ITG1","Sicilia","SPESA_MEDIA","spesa media mensile familiare (in euro correnti)","15","valori medi","2_4","combustibili ed energia","2013","2013",91.17,,
"ITG1","Sicilia","SPESA_MEDIA","spesa media mensile familiare (in euro correnti)","15","valori medi","1_7","zucchero, caffè e drogheria","2013","2013",30.93,,
"ITD3","Veneto","SPESA_MEDIA","spesa media mensile familiare (in euro correnti)","15","valori medi","1_8","bevande","2013","2013",44.58,,
"ITE3","Marche","SPESA_MEDIA","spesa media mensile familiare (in euro correnti)","15","valori medi","1_8","bevande","2013","2013",39.57,,
"ITF4","Puglia","SPESA_MEDIA","spesa media mensile familiare (in euro correnti)","15","valori medi","1_6","patate, frutta e ortaggi","2013","2013",88.47,,
"ITG2","Sardegna","SPESA_MEDIA","spesa media mensile familiare (in euro correnti)","15","valori medi","2_8","comunicazioni","2013","2013",36.71,,
"ITC","Nord-ovest","SPESA_MEDIA","spesa media mensile familiare (in euro correnti)","15","valori medi","1_7","zucchero, caffè e drogheria","2013","2013",35.21,,
"ITC4","Lombardia","SPESA_MEDIA","spesa media mensile familiare (in euro correnti)","15","valori medi","2_3","abitazione (principale e secondaria)","2013","2013",875.08,,
"ITD1","Provincia Autonoma Bolzano / Bozen","SPESA_MEDIA","spesa media mensile familiare (in euro correnti)","15","valori medi","1_4","latte, formaggi e uova","2013","2013",68.42,,
"ITDA","Trentino Alto Adige / Südtirol","SPESA_MEDIA","spesa media mensile familiare (in euro correnti)","15","valori medi","2_2","abbigliamento e calzature","2013","2013",149.45,,
"ITC1","Piemonte","SPESA_MEDIA","spesa media mensile familiare (in euro correnti)","15","valori medi","1_1","pane e cereali","2013","2013",83.23,,
"ITE1","Toscana","SPESA_MEDIA","spesa media mensile familiare (in euro correnti)","15","valori medi","2_2","abbigliamento e calzature","2013","2013",118.17,,
"ITC2","Valle d'Aosta / Vallée d'Aoste","SPESA_MEDIA","spesa media mensile familiare (in euro correnti)","15","valori medi","1_7","zucchero, caffè e drogheria","2013","2013",33.74,,
"ITF5","Basilicata","SPESA_MEDIA","spesa media mensile familiare (in euro correnti)","15","valori medi","1_2","carne","2013","2013",102.54,,
"ITF5","Basilicata","SPESA_MEDIA","spesa media mensile familiare (in euro correnti)","15","valori medi","1_7","zucchero, caffè e drogheria","2013","2013",30.83,,
"ITE3","Marche","SPESA_MEDIA","spesa media mensile familiare (in euro correnti)","15","valori medi","2_5","mobili, elettrod. e servizi per la casa","2013","2013",92.01,,
"ITF6","Calabria","SPESA_MEDIA","spesa media mensile familiare (in euro correnti)","15","valori medi","2_6","sanità","2013","2013",57.98,,
"ITC4","Lombardia","SPESA_MEDIA","spesa media mensile familiare (in euro correnti)","15","valori medi","2_8","comunicazioni","2013","2013",50.49,,
"ITC3","Liguria","SPESA_MEDIA","spesa media mensile familiare (in euro correnti)","15","valori medi","2_5","mobili, elettrod. e servizi per la casa","2013","2013",108.19,,
"ITE2","Umbria","SPESA_MEDIA","spesa media mensile familiare (in euro correnti)","15","valori medi","2_4","combustibili ed energia","2013","2013",137.59,,
"ITG1","Sicilia","SPESA_MEDIA","spesa media mensile familiare (in euro correnti)","15","valori medi","1_6","patate, frutta e ortaggi","2013","2013",70.68,,
"ITD1","Provincia Autonoma Bolzano / Bozen","SPESA_MEDIA","spesa media mensile familiare (in euro correnti)","15","valori medi","2_3","abitazione (principale e secondaria)","2013","2013",956.9,,
"ITD1","Provincia Autonoma Bolzano / Bozen","SPESA_MEDIA","spesa media mensile familiare (in euro correnti)","15","valori medi","2_9","istruzione","2013","2013",60.52,,
"ITE3","Marche","SPESA_MEDIA","spesa media mensile familiare (in euro correnti)","15","valori medi","1_1","pane e cereali","2013","2013",79.84,,
"ITC3","Liguria","SPESA_MEDIA","spesa media mensile familiare (in euro correnti)","15","valori medi","1_1","pane e cereali","2013","2013",72.03,,
"ITF2","Molise","SPESA_MEDIA","spesa media mensile familiare (in euro correnti)","15","valori medi","1_8","bevande","2013","2013",38.41,,
"ITF3","Campania","SPESA_MEDIA","spesa media mensile familiare (in euro correnti)","15","valori medi","1_8","bevande","2013","2013",32.82,,
"ITC4","Lombardia","SPESA_MEDIA","spesa media mensile familiare (in euro correnti)","15","valori medi","1_2","carne","2013","2013",104.69,,
"ITC3","Liguria","SPESA_MEDIA","spesa media mensile familiare (in euro correnti)","15","valori medi","2_8","comunicazioni","2013","2013",39.33,,
"ITD2","Provincia Autonoma Trento","SPESA_MEDIA","spesa media mensile familiare (in euro correnti)","15","valori medi","2_7","trasporti","2013","2013",403.74,,
"ITF","Sud","SPESA_MEDIA","spesa media mensile familiare (in euro correnti)","15","valori medi","1_7","zucchero, caffè e drogheria","2013","2013",34.78,,
"ITDA","Trentino Alto Adige / Südtirol","SPESA_MEDIA","spesa media mensile familiare (in euro correnti)","15","valori medi","1_8","bevande","2013","2013",38.94,,
"ITE2","Umbria","SPESA_MEDIA","spesa media mensile familiare (in euro correnti)","15","valori medi","1_4","latte, formaggi e uova","2013","2013",60.73,,
"ITE","Centro","SPESA_MEDIA","spesa media mensile familiare (in euro correnti)","15","valori medi","1_1","pane e cereali","2013","2013",77.79,,
"ITC1","Piemonte","SPESA_MEDIA","spesa media mensile familiare (in euro correnti)","15","valori medi","1_3","pesce","2013","2013",37.88,,
"ITC2","Valle d'Aosta / Vallée d'Aoste","SPESA_MEDIA","spesa media mensile familiare (in euro correnti)","15","valori medi","2_7","trasporti","2013","2013",377.15,,
"ITF1","Abruzzo","SPESA_MEDIA","spesa media mensile familiare (in euro correnti)","15","valori medi","2_6","sanità","2013","2013",73.7,,
"ITE2","Umbria","SPESA_MEDIA","spesa media mensile familiare (in euro correnti)","15","valori medi","2_5","mobili, elettrod. e servizi per la casa","2013","2013",129.14,,
"ITF4","Puglia","SPESA_MEDIA","spesa media mensile familiare (in euro correnti)","15","valori medi","2_7","trasporti","2013","2013",254.33,,
"ITF2","Molise","SPESA_MEDIA","spesa media mensile familiare (in euro correnti)","15","valori medi","1_3","pesce","2013","2013",39.98,,
"ITD3","Veneto","SPESA_MEDIA","spesa media mensile familiare (in euro correnti)","15","valori medi","1_4","latte, formaggi e uova","2013","2013",57.68,,
"ITD4","Friuli-Venezia Giulia","SPESA_MEDIA","spesa media mensile familiare (in euro correnti)","15","valori medi","2_1","tabacchi","2013","2013",15.44,,
"ITD1","Provincia Autonoma Bolzano / Bozen","SPESA_MEDIA","spesa media mensile familiare (in euro correnti)","15","valori medi","2_2","abbigliamento e calzature","2013","2013",186.54,,
"ITF6","Calabria","SPESA_MEDIA","spesa media mensile familiare (in euro correnti)","15","valori medi","1","alimentari e bevande","2013","2013",436.31,,
"ITC","Nord-ovest","SPESA_MEDIA","spesa media mensile familiare (in euro correnti)","15","valori medi","2_9","istruzione","2013","2013",33.48,,
"ITE1","Toscana","SPESA_MEDIA","spesa media mensile familiare (in euro correnti)","15","valori medi","2_8","comunicazioni","2013","2013",49.09,,
"ITG2","Sardegna","SPESA_MEDIA","spesa media mensile familiare (in euro correnti)","15","valori medi","1_6","patate, frutta e ortaggi","2013","2013",76.24,,
"ITD","Nord-est","SPESA_MEDIA","spesa media mensile familiare (in euro correnti)","15","valori medi","2_9","istruzione","2013","2013",31.6,,
"ITC2","Valle d'Aosta / Vallée d'Aoste","SPESA_MEDIA","spesa media mensile familiare (in euro correnti)","15","valori medi","1_6","patate, frutta e ortaggi","2013","2013",65.93,,
"ITE","Centro","SPESA_MEDIA","spesa media mensile familiare (in euro correnti)","15","valori medi","2_9","istruzione","2013","2013",25.69,,
"ITE3","Marche","SPESA_MEDIA","spesa media mensile familiare (in euro correnti)","15","valori medi","2_4","combustibili ed energia","2013","2013",140.19,,
"ITG","Isole","SPESA_MEDIA","spesa media mensile familiare (in euro correnti)","15","valori medi","1_7","zucchero, caffè e drogheria","2013","2013",31.11,,
"ITF2","Molise","SPESA_MEDIA","spesa media mensile familiare (in euro correnti)","15","valori medi","2_6","sanità","2013","2013",80.05,,
"ITC1","Piemonte","SPESA_MEDIA","spesa media mensile familiare (in euro correnti)","15","valori medi","2_6","sanità","2013","2013",100.02,,
"ITF6","Calabria","SPESA_MEDIA","spesa media mensile familiare (in euro correnti)","15","valori medi","1_5","oli e grassi","2013","2013",14.32,,
"ITF5","Basilicata","SPESA_MEDIA","spesa media mensile familiare (in euro correnti)","15","valori medi","1_5","oli e grassi","2013","2013",13.87,,
"ITF1","Abruzzo","SPESA_MEDIA","spesa media mensile familiare (in euro correnti)","15","valori medi","1_2","carne","2013","2013",121.46,,
"ITC2","Valle d'Aosta / Vallée d'Aoste","SPESA_MEDIA","spesa media mensile familiare (in euro correnti)","15","valori medi","1_5","oli e grassi","2013","2013",15.51,,
"ITD2","Provincia Autonoma Trento","SPESA_MEDIA","spesa media mensile familiare (in euro correnti)","15","valori medi","2_5","mobili, elettrod. e servizi per la casa","2013","2013",135.93,,
"ITD3","Veneto","SPESA_MEDIA","spesa media mensile familiare (in euro correnti)","15","valori medi","1_6","patate, frutta e ortaggi","2013","2013",80.52,,
"ITG2","Sardegna","SPESA_MEDIA","spesa media mensile familiare (in euro correnti)","15","valori medi","1_4","latte, formaggi e uova","2013","2013",56.59,,
"ITF6","Calabria","SPESA_MEDIA","spesa media mensile familiare (in euro correnti)","15","valori medi","2_9","istruzione","2013","2013",22.87,,
"ITD2","Provincia Autonoma Trento","SPESA_MEDIA","spesa media mensile familiare (in euro correnti)","15","valori medi","2_6","sanità","2013","2013",107.15,,
"ITE","Centro","SPESA_MEDIA","spesa media mensile familiare (in euro correnti)","15","valori medi","1_6","patate, frutta e ortaggi","2013","2013",88.22,,
"ITD1","Provincia Autonoma Bolzano / Bozen","SPESA_MEDIA","spesa media mensile familiare (in euro correnti)","15","valori medi","1","alimentari e bevande","2013","2013",464.84,,
"IT","Italia","SPESA_MEDIA","spesa media mensile familiare (in euro correnti)","15","valori medi","1_6","patate, frutta e ortaggi","2013","2013",83.97,,
"ITG2","Sardegna","SPESA_MEDIA","spesa media mensile familiare (in euro correnti)","15","valori medi","2_3","abitazione (principale e secondaria)","2013","2013",545.29,,
"ITD5","Emilia-Romagna","SPESA_MEDIA","spesa media mensile familiare (in euro correnti)","15","valori medi","1_8","bevande","2013","2013",46.24,,
"ITE4","Lazio","SPESA_MEDIA","spesa media mensile familiare (in euro correnti)","15","valori medi","2_8","comunicazioni","2013","2013",45.27,,
"ITF","Sud","SPESA_MEDIA","spesa media mensile familiare (in euro correnti)","15","valori medi","1_4","latte, formaggi e uova","2013","2013",63.86,,
"ITF4","Puglia","SPESA_MEDIA","spesa media mensile familiare (in euro correnti)","15","valori medi","1_7","zucchero, caffè e drogheria","2013","2013",32.43,,
"ITC1","Piemonte","SPESA_MEDIA","spesa media mensile familiare (in euro correnti)","15","valori medi","1_5","oli e grassi","2013","2013",18.14,,
"ITC3","Liguria","SPESA_MEDIA","spesa media mensile familiare (in euro correnti)","15","valori medi","2_7","trasporti","2013","2013",266.94,,
"ITF6","Calabria","SPESA_MEDIA","spesa media mensile familiare (in euro correnti)","15","valori medi","1_8","bevande","2013","2013",38.55,,
"ITE1","Toscana","SPESA_MEDIA","spesa media mensile familiare (in euro correnti)","15","valori medi","1_8","bevande","2013","2013",44.33,,
"ITE2","Umbria","SPESA_MEDIA","spesa media mensile familiare (in euro correnti)","15","valori medi","1_1","pane e cereali","2013","2013",73.08,,
"ITF4","Puglia","SPESA_MEDIA","spesa media mensile familiare (in euro correnti)","15","valori medi","1_3","pesce","2013","2013",45.72,,
"ITE","Centro","SPESA_MEDIA","spesa media mensile familiare (in euro correnti)","15","valori medi","1_4","latte, formaggi e uova","2013","2013",61.61,,
"ITE4","Lazio","SPESA_MEDIA","spesa media mensile familiare (in euro correnti)","15","valori medi","2_4","combustibili ed energia","2013","2013",120.12,,
"ITF5","Basilicata","SPESA_MEDIA","spesa media mensile familiare (in euro correnti)","15","valori medi","1_3","pesce","2013","2013",47.71,,
"ITF6","Calabria","SPESA_MEDIA","spesa media mensile familiare (in euro correnti)","15","valori medi","2_2","abbigliamento e calzature","2013","2013",105.88,,
"ITG1","Sicilia","SPESA_MEDIA","spesa media mensile familiare (in euro correnti)","15","valori medi","2_5","mobili, elettrod. e servizi per la casa","2013","2013",61.8,,
"ITD5","Emilia-Romagna","SPESA_MEDIA","spesa media mensile familiare (in euro correnti)","15","valori medi","2_2","abbigliamento e calzature","2013","2013",123.39,,
"ITC4","Lombardia","SPESA_MEDIA","spesa media mensile familiare (in euro correnti)","15","valori medi","2_4","combustibili ed energia","2013","2013",156.34,,
"ITE2","Umbria","SPESA_MEDIA","spesa media mensile familiare (in euro correnti)","15","valori medi","2_8","comunicazioni","2013","2013",43.05,,
"ITE","Centro","SPESA_MEDIA","spesa media mensile familiare (in euro correnti)","15","valori medi","1_5","oli e grassi","2013","2013",15.24,,
"ITG1","Sicilia","SPESA_MEDIA","spesa media mensile familiare (in euro correnti)","15","valori medi","1_5","oli e grassi","2013","2013",14.18,,
"ITE4","Lazio","SPESA_MEDIA","spesa media mensile familiare (in euro correnti)","15","valori medi","2_6","sanità","2013","2013",74.29,,
"ITF6","Calabria","SPESA_MEDIA","spesa media mensile familiare (in euro correnti)","15","valori medi","1_3","pesce","2013","2013",40.23,,
"ITC","Nord-ovest","SPESA_MEDIA","spesa media mensile familiare (in euro correnti)","15","valori medi","1_5","oli e grassi","2013","2013",16.8,,
"ITF5","Basilicata","SPESA_MEDIA","spesa media mensile familiare (in euro correnti)","15","valori medi","1_6","patate, frutta e ortaggi","2013","2013",77.1,,
"ITD","Nord-est","SPESA_MEDIA","spesa media mensile familiare (in euro correnti)","15","valori medi","2_3","abitazione (principale e secondaria)","2013","2013",800.14,,
"ITD5","Emilia-Romagna","SPESA_MEDIA","spesa media mensile familiare (in euro correnti)","15","valori medi","1","alimentari e bevande","2013","2013",450.16,,
"ITD","Nord-est","SPESA_MEDIA","spesa media mensile familiare (in euro correnti)","15","valori medi","2_8","comunicazioni","2013","2013",48.95,,
"ITF","Sud","SPESA_MEDIA","spesa media mensile familiare (in euro correnti)","15","valori medi","1_6","patate, frutta e ortaggi","2013","2013",83.48,,
"ITC3","Liguria","SPESA_MEDIA","spesa media mensile familiare (in euro correnti)","15","valori medi","1_4","latte, formaggi e uova","2013","2013",61.62,,
"ITF1","Abruzzo","SPESA_MEDIA","spesa media mensile familiare (in euro correnti)","15","valori medi","2_2","abbigliamento e calzature","2013","2013",115.12,,
"ITF2","Molise","SPESA_MEDIA","spesa media mensile familiare (in euro correnti)","15","valori medi","1_7","zucchero, caffè e drogheria","2013","2013",32.47,,
"ITF5","Basilicata","SPESA_MEDIA","spesa media mensile familiare (in euro correnti)","15","valori medi","1_8","bevande","2013","2013",38.35,,
"ITE4","Lazio","SPESA_MEDIA","spesa media mensile familiare (in euro correnti)","15","valori medi","2_1","tabacchi","2013","2013",19.56,,
"ITD3","Veneto","SPESA_MEDIA","spesa media mensile familiare (in euro correnti)","15","valori medi","2_5","mobili, elettrod. e servizi per la casa","2013","2013",126.55,,
"ITE1","Toscana","SPESA_MEDIA","spesa media mensile familiare (in euro correnti)","15","valori medi","1_6","patate, frutta e ortaggi","2013","2013",86.56,,
"ITG","Isole","SPESA_MEDIA","spesa media mensile familiare (in euro correnti)","15","valori medi","2_6","sanità","2013","2013",52.45,,
"ITG","Isole","SPESA_MEDIA","spesa media mensile familiare (in euro correnti)","15","valori medi","1","alimentari e bevande","2013","2013",426.67,,
"ITG1","Sicilia","SPESA_MEDIA","spesa media mensile familiare (in euro correnti)","15","valori medi","2_8","comunicazioni","2013","2013",32.54,,
"ITE2","Umbria","SPESA_MEDIA","spesa media mensile familiare (in euro correnti)","15","valori medi","1_8","bevande","2013","2013",42,,
"IT","Italia","SPESA_MEDIA","spesa media mensile familiare (in euro correnti)","15","valori medi","2_9","istruzione","2013","2013",27.02,,
"ITF2","Molise","SPESA_MEDIA","spesa media mensile familiare (in euro correnti)","15","valori medi","2_8","comunicazioni","2013","2013",42.33,,
"ITE","Centro","SPESA_MEDIA","spesa media mensile familiare (in euro correnti)","15","valori medi","1_7","zucchero, caffè e drogheria","2013","2013",33.12,,
"ITC","Nord-ovest","SPESA_MEDIA","spesa media mensile familiare (in euro correnti)","15","valori medi","1_2","carne","2013","2013",105.89,,
"ITD4","Friuli-Venezia Giulia","SPESA_MEDIA","spesa media mensile familiare (in euro correnti)","15","valori medi","1_5","oli e grassi","2013","2013",14.98,,
"ITD","Nord-est","SPESA_MEDIA","spesa media mensile familiare (in euro correnti)","15","valori medi","2_6","sanità","2013","2013",107.12,,
"ITG1","Sicilia","SPESA_MEDIA","spesa media mensile familiare (in euro correnti)","15","valori medi","1_1","pane e cereali","2013","2013",72.24,,
"ITE4","Lazio","SPESA_MEDIA","spesa media mensile familiare (in euro correnti)","15","valori medi","2_3","abitazione (principale e secondaria)","2013","2013",762.71,,
"ITD1","Provincia Autonoma Bolzano / Bozen","SPESA_MEDIA","spesa media mensile familiare (in euro correnti)","15","valori medi","2_5","mobili, elettrod. e servizi per la casa","2013","2013",172.44,,
"ITC2","Valle d'Aosta / Vallée d'Aoste","SPESA_MEDIA","spesa media mensile familiare (in euro correnti)","15","valori medi","1_1","pane e cereali","2013","2013",72.87,,
"ITD3","Veneto","SPESA_MEDIA","spesa media mensile familiare (in euro correnti)","15","valori medi","2_4","combustibili ed energia","2013","2013",164.9,,
"ITD3","Veneto","SPESA_MEDIA","spesa media mensile familiare (in euro correnti)","15","valori medi","2_7","trasporti","2013","2013",430.93,,
"ITF6","Calabria","SPESA_MEDIA","spesa media mensile familiare (in euro correnti)","15","valori medi","1_2","carne","2013","2013",103.42,,
"ITE3","Marche","SPESA_MEDIA","spesa media mensile familiare (in euro correnti)","15","valori medi","2_7","trasporti","2013","2013",354.87,,
"ITE3","Marche","SPESA_MEDIA","spesa media mensile familiare (in euro correnti)","15","valori medi","1_3","pesce","2013","2013",44.25,,
"ITD5","Emilia-Romagna","SPESA_MEDIA","spesa media mensile familiare (in euro correnti)","15","valori medi","1_2","carne","2013","2013",101.69,,
"ITG2","Sardegna","SPESA_MEDIA","spesa media mensile familiare (in euro correnti)","15","valori medi","1_1","pane e cereali","2013","2013",81.33,,
"ITD5","Emilia-Romagna","SPESA_MEDIA","spesa media mensile familiare (in euro correnti)","15","valori medi","1_7","zucchero, caffè e drogheria","2013","2013",31.21,,
"ITF","Sud","SPESA_MEDIA","spesa media mensile familiare (in euro correnti)","15","valori medi","2_1","tabacchi","2013","2013",21.91,,
"ITF1","Abruzzo","SPESA_MEDIA","spesa media mensile familiare (in euro correnti)","15","valori medi","1_8","bevande","2013","2013",42.55,,
"ITG","Isole","SPESA_MEDIA","spesa media mensile familiare (in euro correnti)","15","valori medi","1_8","bevande","2013","2013",35.89,,
"ITF3","Campania","SPESA_MEDIA","spesa media mensile familiare (in euro correnti)","15","valori medi","1_1","pane e cereali","2013","2013",73.33,,
"ITF","Sud","SPESA_MEDIA","spesa media mensile familiare (in euro correnti)","15","valori medi","2_2","abbigliamento e calzature","2013","2013",102.68,,
"ITF3","Campania","SPESA_MEDIA","spesa media mensile familiare (in euro correnti)","15","valori medi","1_5","oli e grassi","2013","2013",16.91,,
"ITE1","Toscana","SPESA_MEDIA","spesa media mensile familiare (in euro correnti)","15","valori medi","1_1","pane e cereali","2013","2013",78.25,,
"ITF","Sud","SPESA_MEDIA","spesa media mensile familiare (in euro correnti)","15","valori medi","1_1","pane e cereali","2013","2013",73.34,,
"ITD4","Friuli-Venezia Giulia","SPESA_MEDIA","spesa media mensile familiare (in euro correnti)","15","valori medi","1","alimentari e bevande","2013","2013",435.49,,
"ITE1","Toscana","SPESA_MEDIA","spesa media mensile familiare (in euro correnti)","15","valori medi","1_4","latte, formaggi e uova","2013","2013",59.67,,
"ITDA","Trentino Alto Adige / Südtirol","SPESA_MEDIA","spesa media mensile familiare (in euro correnti)","15","valori medi","1_1","pane e cereali","2013","2013",83.53,,
"ITF4","Puglia","SPESA_MEDIA","spesa media mensile familiare (in euro correnti)","15","valori medi","1_5","oli e grassi","2013","2013",15.24,,
"ITD1","Provincia Autonoma Bolzano / Bozen","SPESA_MEDIA","spesa media mensile familiare (in euro correnti)","15","valori medi","1_8","bevande","2013","2013",46.54,,
"ITD3","Veneto","SPESA_MEDIA","spesa media mensile familiare (in euro correnti)","15","valori medi","2_1","tabacchi","2013","2013",16.42,,
"ITF3","Campania","SPESA_MEDIA","spesa media mensile familiare (in euro correnti)","15","valori medi","2_5","mobili, elettrod. e servizi per la casa","2013","2013",91.77,,
"ITF4","Puglia","SPESA_MEDIA","spesa media mensile familiare (in euro correnti)","15","valori medi","2_2","abbigliamento e calzature","2013","2013",106.14,,
"ITE","Centro","SPESA_MEDIA","spesa media mensile familiare (in euro correnti)","15","valori medi","2_2","abbigliamento e calzature","2013","2013",110.22,,
"IT","Italia","SPESA_MEDIA","spesa media mensile familiare (in euro correnti)","15","valori medi","1","alimentari e bevande","2013","2013",460.72,,
"ITD5","Emilia-Romagna","SPESA_MEDIA","spesa media mensile familiare (in euro correnti)","15","valori medi","2_1","tabacchi","2013","2013",21.22,,
"ITF6","Calabria","SPESA_MEDIA","spesa media mensile familiare (in euro correnti)","15","valori medi","2_1","tabacchi","2013","2013",15.63,,
"ITD1","Provincia Autonoma Bolzano / Bozen","SPESA_MEDIA","spesa media mensile familiare (in euro correnti)","15","valori medi","1_1","pane e cereali","2013","2013",96.16,,
"ITF1","Abruzzo","SPESA_MEDIA","spesa media mensile familiare (in euro correnti)","15","valori medi","2_8","comunicazioni","2013","2013",43.55,,
"ITF","Sud","SPESA_MEDIA","spesa media mensile familiare (in euro correnti)","15","valori medi","1_2","carne","2013","2013",111.19,,
"ITG","Isole","SPESA_MEDIA","spesa media mensile familiare (in euro correnti)","15","valori medi","1_5","oli e grassi","2013","2013",14.61,,
"ITC4","Lombardia","SPESA_MEDIA","spesa media mensile familiare (in euro correnti)","15","valori medi","1_8","bevande","2013","2013",45.53,,
"ITD4","Friuli-Venezia Giulia","SPESA_MEDIA","spesa media mensile familiare (in euro correnti)","15","valori medi","1_6","patate, frutta e ortaggi","2013","2013",81.51,,
"ITC1","Piemonte","SPESA_MEDIA","spesa media mensile familiare (in euro correnti)","15","valori medi","2_1","tabacchi","2013","2013",19.44,,
"ITE2","Umbria","SPESA_MEDIA","spesa media mensile familiare (in euro correnti)","15","valori medi","2_6","sanità","2013","2013",78.76,,
"ITD5","Emilia-Romagna","SPESA_MEDIA","spesa media mensile familiare (in euro correnti)","15","valori medi","2_8","comunicazioni","2013","2013",48.81,,
"ITE1","Toscana","SPESA_MEDIA","spesa media mensile familiare (in euro correnti)","15","valori medi","2_1","tabacchi","2013","2013",19.34,,
"ITE","Centro","SPESA_MEDIA","spesa media mensile familiare (in euro correnti)","15","valori medi","1_8","bevande","2013","2013",42.65,,
"ITE4","Lazio","SPESA_MEDIA","spesa media mensile familiare (in euro correnti)","15","valori medi","1_3","pesce","2013","2013",46.56,,
"ITD5","Emilia-Romagna","SPESA_MEDIA","spesa media mensile familiare (in euro correnti)","15","valori medi","2_5","mobili, elettrod. e servizi per la casa","2013","2013",142.16,,
"ITF3","Campania","SPESA_MEDIA","spesa media mensile familiare (in euro correnti)","15","valori medi","2_1","tabacchi","2013","2013",26.73,,
"ITG2","Sardegna","SPESA_MEDIA","spesa media mensile familiare (in euro correnti)","15","valori medi","2_4","combustibili ed energia","2013","2013",117.1,,
"ITDA","Trentino Alto Adige / Südtirol","SPESA_MEDIA","spesa media mensile familiare (in euro correnti)","15","valori medi","2_7","trasporti","2013","2013",466.17,,
"ITC3","Liguria","SPESA_MEDIA","spesa media mensile familiare (in euro correnti)","15","valori medi","1_6","patate, frutta e ortaggi","2013","2013",86.33,,
"ITG2","Sardegna","SPESA_MEDIA","spesa media mensile familiare (in euro correnti)","15","valori medi","2_7","trasporti","2013","2013",288.63,,
"ITE","Centro","SPESA_MEDIA","spesa media mensile familiare (in euro correnti)","15","valori medi","2_1","tabacchi","2013","2013",19.72,,
"ITC","Nord-ovest","SPESA_MEDIA","spesa media mensile familiare (in euro correnti)","15","valori medi","1_4","latte, formaggi e uova","2013","2013",64.3,,
"ITF1","Abruzzo","SPESA_MEDIA","spesa media mensile familiare (in euro correnti)","15","valori medi","2_3","abitazione (principale e secondaria)","2013","2013",562.21,,
"ITD","Nord-est","SPESA_MEDIA","spesa media mensile familiare (in euro correnti)","15","valori medi","2_5","mobili, elettrod. e servizi per la casa","2013","2013",133.51,,
"ITE3","Marche","SPESA_MEDIA","spesa media mensile familiare (in euro correnti)","15","valori medi","2_8","comunicazioni","2013","2013",45.14,,
"ITC","Nord-ovest","SPESA_MEDIA","spesa media mensile familiare (in euro correnti)","15","valori medi","2_1","tabacchi","2013","2013",20.32,,
"ITD","Nord-est","SPESA_MEDIA","spesa media mensile familiare (in euro correnti)","15","valori medi","2_1","tabacchi","2013","2013",18.35,,
"ITF2","Molise","SPESA_MEDIA","spesa media mensile familiare (in euro correnti)","15","valori medi","2_7","trasporti","2013","2013",258.04,,
"ITE","Centro","SPESA_MEDIA","spesa media mensile familiare (in euro correnti)","15","valori medi","2_5","mobili, elettrod. e servizi per la casa","2013","2013",107.45,,
"ITF3","Campania","SPESA_MEDIA","spesa media mensile familiare (in euro correnti)","15","valori medi","2_7","trasporti","2013","2013",244.79,,
"ITF5","Basilicata","SPESA_MEDIA","spesa media mensile familiare (in euro correnti)","15","valori medi","2_2","abbigliamento e calzature","2013","2013",112.72,,
"ITE2","Umbria","SPESA_MEDIA","spesa media mensile familiare (in euro correnti)","15","valori medi","1_5","oli e grassi","2013","2013",17.08,,
"ITC","Nord-ovest","SPESA_MEDIA","spesa media mensile familiare (in euro correnti)","15","valori medi","2_5","mobili, elettrod. e servizi per la casa","2013","2013",121.86,,
"ITE1","Toscana","SPESA_MEDIA","spesa media mensile familiare (in euro correnti)","15","valori medi","2_7","trasporti","2013","2013",371.86,,
"ITF5","Basilicata","SPESA_MEDIA","spesa media mensile familiare (in euro correnti)","15","valori medi","2_7","trasporti","2013","2013",268.4,,
"ITC","Nord-ovest","SPESA_MEDIA","spesa media mensile familiare (in euro correnti)","15","valori medi","2_8","comunicazioni","2013","2013",47.5,,
"ITD","Nord-est","SPESA_MEDIA","spesa media mensile familiare (in euro correnti)","15","valori medi","1_2","carne","2013","2013",98.07,,
"ITD2","Provincia Autonoma Trento","SPESA_MEDIA","spesa media mensile familiare (in euro correnti)","15","valori medi","1_7","zucchero, caffè e drogheria","2013","2013",33.37,,
"ITC","Nord-ovest","SPESA_MEDIA","spesa media mensile familiare (in euro correnti)","15","valori medi","2_4","combustibili ed energia","2013","2013",157.38,,
"ITE","Centro","SPESA_MEDIA","spesa media mensile familiare (in euro correnti)","15","valori medi","2_4","combustibili ed energia","2013","2013",132.85,,
"IT","Italia","SPESA_MEDIA","spesa media mensile familiare (in euro correnti)","15","valori medi","1_2","carne","2013","2013",106.84,,
"ITD","Nord-est","SPESA_MEDIA","spesa media mensile familiare (in euro correnti)","15","valori medi","2_4","combustibili ed energia","2013","2013",159.81,,
"ITF3","Campania","SPESA_MEDIA","spesa media mensile familiare (in euro correnti)","15","valori medi","1_7","zucchero, caffè e drogheria","2013","2013",38.63,,
"ITF","Sud","SPESA_MEDIA","spesa media mensile familiare (in euro correnti)","15","valori medi","1_3","pesce","2013","2013",49.46,,
"ITF1","Abruzzo","SPESA_MEDIA","spesa media mensile familiare (in euro correnti)","15","valori medi","1","alimentari e bevande","2013","2013",478.45,,
"IT","Italia","SPESA_MEDIA","spesa media mensile familiare (in euro correnti)","15","valori medi","1_1","pane e cereali","2013","2013",76.42,,
"ITC2","Valle d'Aosta / Vallée d'Aoste","SPESA_MEDIA","spesa media mensile familiare (in euro correnti)","15","valori medi","1_8","bevande","2013","2013",36.64,,
"ITE","Centro","SPESA_MEDIA","spesa media mensile familiare (in euro correnti)","15","valori medi","2_8","comunicazioni","2013","2013",46.29,,
"ITDA","Trentino Alto Adige / Südtirol","SPESA_MEDIA","spesa media mensile familiare (in euro correnti)","15","valori medi","1_6","patate, frutta e ortaggi","2013","2013",82.06,,
"ITF4","Puglia","SPESA_MEDIA","spesa media mensile familiare (in euro correnti)","15","valori medi","1_8","bevande","2013","2013",39.21,,
"ITE","Centro","SPESA_MEDIA","spesa media mensile familiare (in euro correnti)","15","valori medi","1_2","carne","2013","2013",114.7,,
"ITDA","Trentino Alto Adige / Südtirol","SPESA_MEDIA","spesa media mensile familiare (in euro correnti)","15","valori medi","1_7","zucchero, caffè e drogheria","2013","2013",36.46,,
"ITC1","Piemonte","SPESA_MEDIA","spesa media mensile familiare (in euro correnti)","15","valori medi","2_8","comunicazioni","2013","2013",44.17,,
"IT","Italia","SPESA_MEDIA","spesa media mensile familiare (in euro correnti)","15","valori medi","1_7","zucchero, caffè e drogheria","2013","2013",33.68,,
"ITE2","Umbria","SPESA_MEDIA","spesa media mensile familiare (in euro correnti)","15","valori medi","1_2","carne","2013","2013",113.23,,
"ITF","Sud","SPESA_MEDIA","spesa media mensile familiare (in euro correnti)","15","valori medi","1","alimentari e bevande","2013","2013",468.59,,
"ITF4","Puglia","SPESA_MEDIA","spesa media mensile familiare (in euro correnti)","15","valori medi","2_8","comunicazioni","2013","2013",39.19,,
"ITD2","Provincia Autonoma Trento","SPESA_MEDIA","spesa media mensile familiare (in euro correnti)","15","valori medi","2_8","comunicazioni","2013","2013",43.29,,
"ITG1","Sicilia","SPESA_MEDIA","spesa media mensile familiare (in euro correnti)","15","valori medi","2_3","abitazione (principale e secondaria)","2013","2013",457.03,,
"ITG","Isole","SPESA_MEDIA","spesa media mensile familiare (in euro correnti)","15","valori medi","2_7","trasporti","2013","2013",218.68,,
"ITF3","Campania","SPESA_MEDIA","spesa media mensile familiare (in euro correnti)","15","valori medi","2_8","comunicazioni","2013","2013",39.73,,
"ITD1","Provincia Autonoma Bolzano / Bozen","SPESA_MEDIA","spesa media mensile familiare (in euro correnti)","15","valori medi","1_3","pesce","2013","2013",22.05,,
"ITE4","Lazio","SPESA_MEDIA","spesa media mensile familiare (in euro correnti)","15","valori medi","1_5","oli e grassi","2013","2013",15.26,,
"ITD3","Veneto","SPESA_MEDIA","spesa media mensile familiare (in euro correnti)","15","valori medi","1_2","carne","2013","2013",96.23,,
"ITD2","Provincia Autonoma Trento","SPESA_MEDIA","spesa media mensile familiare (in euro correnti)","15","valori medi","1_5","oli e grassi","2013","2013",14.66,,
"ITF2","Molise","SPESA_MEDIA","spesa media mensile familiare (in euro correnti)","15","valori medi","1_5","oli e grassi","2013","2013",15.28,,
"ITF4","Puglia","SPESA_MEDIA","spesa media mensile familiare (in euro correnti)","15","valori medi","2_9","istruzione","2013","2013",21.03,,
"ITE2","Umbria","SPESA_MEDIA","spesa media mensile familiare (in euro correnti)","15","valori medi","2_7","trasporti","2013","2013",360.27,,
"ITF3","Campania","SPESA_MEDIA","spesa media mensile familiare (in euro correnti)","15","valori medi","2_3","abitazione (principale e secondaria)","2013","2013",500.49,,
"ITC1","Piemonte","SPESA_MEDIA","spesa media mensile familiare (in euro correnti)","15","valori medi","2_3","abitazione (principale e secondaria)","2013","2013",696.01,,
"ITE1","Toscana","SPESA_MEDIA","spesa media mensile familiare (in euro correnti)","15","valori medi","1_5","oli e grassi","2013","2013",15.25,,
"ITDA","Trentino Alto Adige / Südtirol","SPESA_MEDIA","spesa media mensile familiare (in euro correnti)","15","valori medi","1_5","oli e grassi","2013","2013",16.5,,
"ITG","Isole","SPESA_MEDIA","spesa media mensile familiare (in euro correnti)","15","valori medi","1_2","carne","2013","2013",101.95,,
"ITF4","Puglia","SPESA_MEDIA","spesa media mensile familiare (in euro correnti)","15","valori medi","2_3","abitazione (principale e secondaria)","2013","2013",481.53,,
"ITF5","Basilicata","SPESA_MEDIA","spesa media mensile familiare (in euro correnti)","15","valori medi","2_6","sanità","2013","2013",84.2,,
"ITC1","Piemonte","SPESA_MEDIA","spesa media mensile familiare (in euro correnti)","15","valori medi","1_7","zucchero, caffè e drogheria","2013","2013",37.9,,
"ITE3","Marche","SPESA_MEDIA","spesa media mensile familiare (in euro correnti)","15","valori medi","1_4","latte, formaggi e uova","2013","2013",61.24,,
"ITF6","Calabria","SPESA_MEDIA","spesa media mensile familiare (in euro correnti)","15","valori medi","2_7","trasporti","2013","2013",223.09,,
"IT","Italia","SPESA_MEDIA","spesa media mensile familiare (in euro correnti)","15","valori medi","2_8","comunicazioni","2013","2013",44.32,,
"ITDA","Trentino Alto Adige / Südtirol","SPESA_MEDIA","spesa media mensile familiare (in euro correnti)","15","valori medi","1_3","pesce","2013","2013",24.76,,
"ITF","Sud","SPESA_MEDIA","spesa media mensile familiare (in euro correnti)","15","valori medi","1_5","oli e grassi","2013","2013",15.61,,
"ITD","Nord-est","SPESA_MEDIA","spesa media mensile familiare (in euro correnti)","15","valori medi","1_1","pane e cereali","2013","2013",75.19,,
"IT","Italia","SPESA_MEDIA","spesa media mensile familiare (in euro correnti)","15","valori medi","2_4","combustibili ed energia","2013","2013",137.74,,
"ITG","Isole","SPESA_MEDIA","spesa media mensile familiare (in euro correnti)","15","valori medi","2_2","abbigliamento e calzature","2013","2013",87.05,,
"ITG2","Sardegna","SPESA_MEDIA","spesa media mensile familiare (in euro correnti)","15","valori medi","1_7","zucchero, caffè e drogheria","2013","2013",31.64,,
"ITD1","Provincia Autonoma Bolzano / Bozen","SPESA_MEDIA","spesa media mensile familiare (in euro correnti)","15","valori medi","1_2","carne","2013","2013",92.37,,
"ITF","Sud","SPESA_MEDIA","spesa media mensile familiare (in euro correnti)","15","valori medi","2_7","trasporti","2013","2013",251.25,,
"ITC","Nord-ovest","SPESA_MEDIA","spesa media mensile familiare (in euro correnti)","15","valori medi","1_6","patate, frutta e ortaggi","2013","2013",86.77,,
"ITG2","Sardegna","SPESA_MEDIA","spesa media mensile familiare (in euro correnti)","15","valori medi","2_6","sanità","2013","2013",56.86,,
"ITE1","Toscana","SPESA_MEDIA","spesa media mensile familiare (in euro correnti)","15","valori medi","2_5","mobili, elettrod. e servizi per la casa","2013","2013",109.79,,
"ITD3","Veneto","SPESA_MEDIA","spesa media mensile familiare (in euro correnti)","15","valori medi","1_3","pesce","2013","2013",35.17,,
"ITDA","Trentino Alto Adige / Südtirol","SPESA_MEDIA","spesa media mensile familiare (in euro correnti)","15","valori medi","2_5","mobili, elettrod. e servizi per la casa","2013","2013",153.38,,
"ITF6","Calabria","SPESA_MEDIA","spesa media mensile familiare (in euro correnti)","15","valori medi","1_7","zucchero, caffè e drogheria","2013","2013",31.91,,
"ITC1","Piemonte","SPESA_MEDIA","spesa media mensile familiare (in euro correnti)","15","valori medi","2_2","abbigliamento e calzature","2013","2013",117.23,,
"ITF3","Campania","SPESA_MEDIA","spesa media mensile familiare (in euro correnti)","15","valori medi","2_2","abbigliamento e calzature","2013","2013",94.72,,
"ITC1","Piemonte","SPESA_MEDIA","spesa media mensile familiare (in euro correnti)","15","valori medi","2_5","mobili, elettrod. e servizi per la casa","2013","2013",119.7,,
"ITE4","Lazio","SPESA_MEDIA","spesa media mensile familiare (in euro correnti)","15","valori medi","1","alimentari e bevande","2013","2013",485.23,,
"ITF3","Campania","SPESA_MEDIA","spesa media mensile familiare (in euro correnti)","15","valori medi","2_6","sanità","2013","2013",60.11,,
"IT","Italia","SPESA_MEDIA","spesa media mensile familiare (in euro correnti)","15","valori medi","2_5","mobili, elettrod. e servizi per la casa","2013","2013",109.02,,
"ITC1","Piemonte","SPESA_MEDIA","spesa media mensile familiare (in euro correnti)","15","valori medi","1_8","bevande","2013","2013",46.28,,
"ITD4","Friuli-Venezia Giulia","SPESA_MEDIA","spesa media mensile familiare (in euro correnti)","15","valori medi","2_6","sanità","2013","2013",99.97,,
"ITC1","Piemonte","SPESA_MEDIA","spesa media mensile familiare (in euro correnti)","15","valori medi","2_7","trasporti","2013","2013",382.8,,
"ITG","Isole","SPESA_MEDIA","spesa media mensile familiare (in euro correnti)","15","valori medi","2_3","abitazione (principale e secondaria)","2013","2013",479.76,,
"ITE3","Marche","SPESA_MEDIA","spesa media mensile familiare (in euro correnti)","15","valori medi","1_6","patate, frutta e ortaggi","2013","2013",83.31,,
"ITC2","Valle d'Aosta / Vallée d'Aoste","SPESA_MEDIA","spesa media mensile familiare (in euro correnti)","15","valori medi","1","alimentari e bevande","2013","2013",412.45,,
"ITG2","Sardegna","SPESA_MEDIA","spesa media mensile familiare (in euro correnti)","15","valori medi","1_3","pesce","2013","2013",40.94,,
"ITE2","Umbria","SPESA_MEDIA","spesa media mensile familiare (in euro correnti)","15","valori medi","1_6","patate, frutta e ortaggi","2013","2013",78.94,,
"ITD4","Friuli-Venezia Giulia","SPESA_MEDIA","spesa media mensile familiare (in euro correnti)","15","valori medi","1_2","carne","2013","2013",96.93,,
"ITG2","Sardegna","SPESA_MEDIA","spesa media mensile familiare (in euro correnti)","15","valori medi","1_8","bevande","2013","2013",40.69,,
"ITF4","Puglia","SPESA_MEDIA","spesa media mensile familiare (in euro correnti)","15","valori medi","1","alimentari e bevande","2013","2013",456.15,,
"ITD4","Friuli-Venezia Giulia","SPESA_MEDIA","spesa media mensile familiare (in euro correnti)","15","valori medi","2_4","combustibili ed energia","2013","2013",143.91,,
"ITD2","Provincia Autonoma Trento","SPESA_MEDIA","spesa media mensile familiare (in euro correnti)","15","valori medi","1_6","patate, frutta e ortaggi","2013","2013",83.08,,
"ITF6","Calabria","SPESA_MEDIA","spesa media mensile familiare (in euro correnti)","15","valori medi","2_4","combustibili ed energia","2013","2013",137.89,,
"IT","Italia","SPESA_MEDIA","spesa media mensile familiare (in euro correnti)","15","valori medi","2_6","sanità","2013","2013",87.41,,
"ITC","Nord-ovest","SPESA_MEDIA","spesa media mensile familiare (in euro correnti)","15","valori medi","2_6","sanità","2013","2013",107.44,,
"ITF3","Campania","SPESA_MEDIA","spesa media mensile familiare (in euro correnti)","15","valori medi","1_6","patate, frutta e ortaggi","2013","2013",84.1,,
"ITD5","Emilia-Romagna","SPESA_MEDIA","spesa media mensile familiare (in euro correnti)","15","valori medi","2_4","combustibili ed energia","2013","2013",164.96,,
"ITF1","Abruzzo","SPESA_MEDIA","spesa media mensile familiare (in euro correnti)","15","valori medi","2_7","trasporti","2013","2013",298.53,,
"ITC4","Lombardia","SPESA_MEDIA","spesa media mensile familiare (in euro correnti)","15","valori medi","1_5","oli e grassi","2013","2013",16.25,,
"ITC3","Liguria","SPESA_MEDIA","spesa media mensile familiare (in euro correnti)","15","valori medi","1_8","bevande","2013","2013",41.84,,
"ITD3","Veneto","SPESA_MEDIA","spesa media mensile familiare (in euro correnti)","15","valori medi","2_6","sanità","2013","2013",109.83,,
"ITD2","Provincia Autonoma Trento","SPESA_MEDIA","spesa media mensile familiare (in euro correnti)","15","valori medi","1_1","pane e cereali","2013","2013",71.97,,
"ITF5","Basilicata","SPESA_MEDIA","spesa media mensile familiare (in euro correnti)","15","valori medi","2_9","istruzione","2013","2013",38.19,,
"ITG2","Sardegna","SPESA_MEDIA","spesa media mensile familiare (in euro correnti)","15","valori medi","1_5","oli e grassi","2013","2013",15.85,,
"ITE4","Lazio","SPESA_MEDIA","spesa media mensile familiare (in euro correnti)","15","valori medi","1_6","patate, frutta e ortaggi","2013","2013",91.86,,
"ITC2","Valle d'Aosta / Vallée d'Aoste","SPESA_MEDIA","spesa media mensile familiare (in euro correnti)","15","valori medi","2_9","istruzione","2013","2013",21.27,,
"ITDA","Trentino Alto Adige / Südtirol","SPESA_MEDIA","spesa media mensile familiare (in euro correnti)","15","valori medi","2_3","abitazione (principale e secondaria)","2013","2013",873.58,,
"ITF2","Molise","SPESA_MEDIA","spesa media mensile familiare (in euro correnti)","15","valori medi","1_6","patate, frutta e ortaggi","2013","2013",81.01,,
"ITC1","Piemonte","SPESA_MEDIA","spesa media mensile familiare (in euro correnti)","15","valori medi","1_6","patate, frutta e ortaggi","2013","2013",89.83,,
"ITD3","Veneto","SPESA_MEDIA","spesa media mensile familiare (in euro correnti)","15","valori medi","1_1","pane e cereali","2013","2013",75.25,,
"ITD1","Provincia Autonoma Bolzano / Bozen","SPESA_MEDIA","spesa media mensile familiare (in euro correnti)","15","valori medi","2_6","sanità","2013","2013",98.86,,
"ITD3","Veneto","SPESA_MEDIA","spesa media mensile familiare (in euro correnti)","15","valori medi","2_8","comunicazioni","2013","2013",49.83,,
"ITG1","Sicilia","SPESA_MEDIA","spesa media mensile familiare (in euro correnti)","15","valori medi","1_2","carne","2013","2013",106.12,,
"ITD4","Friuli-Venezia Giulia","SPESA_MEDIA","spesa media mensile familiare (in euro correnti)","15","valori medi","2_9","istruzione","2013","2013",22.08,,
"ITE4","Lazio","SPESA_MEDIA","spesa media mensile familiare (in euro correnti)","15","valori medi","2_9","istruzione","2013","2013",25.07,,
"ITE4","Lazio","SPESA_MEDIA","spesa media mensile familiare (in euro correnti)","15","valori medi","1_1","pane e cereali","2013","2013",77.69,,
"ITF1","Abruzzo","SPESA_MEDIA","spesa media mensile familiare (in euro correnti)","15","valori medi","2_4","combustibili ed energia","2013","2013",134.05,,
"ITD4","Friuli-Venezia Giulia","SPESA_MEDIA","spesa media mensile familiare (in euro correnti)","15","valori medi","2_2","abbigliamento e calzature","2013","2013",97.4,,
"ITG","Isole","SPESA_MEDIA","spesa media mensile familiare (in euro correnti)","15","valori medi","2_4","combustibili ed energia","2013","2013",97.85,,
"ITE","Centro","SPESA_MEDIA","spesa media mensile familiare (in euro correnti)","15","valori medi","2_6","sanità","2013","2013",81.42,,
"ITDA","Trentino Alto Adige / Südtirol","SPESA_MEDIA","spesa media mensile familiare (in euro correnti)","15","valori medi","2_8","comunicazioni","2013","2013",49.31,,
"ITD","Nord-est","SPESA_MEDIA","spesa media mensile familiare (in euro correnti)","15","valori medi","1_7","zucchero, caffè e drogheria","2013","2013",32.26,,
"ITC4","Lombardia","SPESA_MEDIA","spesa media mensile familiare (in euro correnti)","15","valori medi","1_1","pane e cereali","2013","2013",78.82,,
"ITC3","Liguria","SPESA_MEDIA","spesa media mensile familiare (in euro correnti)","15","valori medi","2_4","combustibili ed energia","2013","2013",126.77,,
"ITC4","Lombardia","SPESA_MEDIA","spesa media mensile familiare (in euro correnti)","15","valori medi","1","alimentari e bevande","2013","2013",461.32,,
"ITC1","Piemonte","SPESA_MEDIA","spesa media mensile familiare (in euro correnti)","15","valori medi","1_4","latte, formaggi e uova","2013","2013",67.54,,
"ITF6","Calabria","SPESA_MEDIA","spesa media mensile familiare (in euro correnti)","15","valori medi","2_3","abitazione (principale e secondaria)","2013","2013",370.73,,
"ITE2","Umbria","SPESA_MEDIA","spesa media mensile familiare (in euro correnti)","15","valori medi","2_1","tabacchi","2013","2013",21.44,,
"ITF4","Puglia","SPESA_MEDIA","spesa media mensile familiare (in euro correnti)","15","valori medi","2_6","sanità","2013","2013",68.96,,
"ITC2","Valle d'Aosta / Vallée d'Aoste","SPESA_MEDIA","spesa media mensile familiare (in euro correnti)","15","valori medi","2_2","abbigliamento e calzature","2013","2013",100.67,,
"ITF1","Abruzzo","SPESA_MEDIA","spesa media mensile familiare (in euro correnti)","15","valori medi","2_9","istruzione","2013","2013",20.88,,
"ITD5","Emilia-Romagna","SPESA_MEDIA","spesa media mensile familiare (in euro correnti)","15","valori medi","2_9","istruzione","2013","2013",31.69,,
"ITC4","Lombardia","SPESA_MEDIA","spesa media mensile familiare (in euro correnti)","15","valori medi","1_6","patate, frutta e ortaggi","2013","2013",85.73,,
"ITF4","Puglia","SPESA_MEDIA","spesa media mensile familiare (in euro correnti)","15","valori medi","1_1","pane e cereali","2013","2013",72.07,,
"ITC2","Valle d'Aosta / Vallée d'Aoste","SPESA_MEDIA","spesa media mensile familiare (in euro correnti)","15","valori medi","2_3","abitazione (principale e secondaria)","2013","2013",672.62,,
"ITD5","Emilia-Romagna","SPESA_MEDIA","spesa media mensile familiare (in euro correnti)","15","valori medi","2_6","sanità","2013","2013",107.21,,
"ITD2","Provincia Autonoma Trento","SPESA_MEDIA","spesa media mensile familiare (in euro correnti)","15","valori medi","2_3","abitazione (principale e secondaria)","2013","2013",797.3,,
"ITF2","Molise","SPESA_MEDIA","spesa media mensile familiare (in euro correnti)","15","valori medi","2_3","abitazione (principale e secondaria)","2013","2013",538.37,,
"ITC2","Valle d'Aosta / Vallée d'Aoste","SPESA_MEDIA","spesa media mensile familiare (in euro correnti)","15","valori medi","1_3","pesce","2013","2013",28.97,,
"ITG1","Sicilia","SPESA_MEDIA","spesa media mensile familiare (in euro correnti)","15","valori medi","1_4","latte, formaggi e uova","2013","2013",49.85,,
"IT","Italia","SPESA_MEDIA","spesa media mensile familiare (in euro correnti)","15","valori medi","1_4","latte, formaggi e uova","2013","2013",61.52,,
"IT","Italia","SPESA_MEDIA","spesa media mensile familiare (in euro correnti)","15","valori medi","2_1","tabacchi","2013","2013",20.42,,
"ITG1","Sicilia","SPESA_MEDIA","spesa media mensile familiare (in euro correnti)","15","valori medi","2_1","tabacchi","2013","2013",26.64,,
"ITE3","Marche","SPESA_MEDIA","spesa media mensile familiare (in euro correnti)","15","valori medi","1_5","oli e grassi","2013","2013",14.06,,
"ITF2","Molise","SPESA_MEDIA","spesa media mensile familiare (in euro correnti)","15","valori medi","2_4","combustibili ed energia","2013","2013",122.55,,
"ITDA","Trentino Alto Adige / Südtirol","SPESA_MEDIA","spesa media mensile familiare (in euro correnti)","15","valori medi","2_4","combustibili ed energia","2013","2013",132.97,,
"ITG2","Sardegna","SPESA_MEDIA","spesa media mensile familiare (in euro correnti)","15","valori medi","2_5","mobili, elettrod. e servizi per la casa","2013","2013",76.7,,
"ITF6","Calabria","SPESA_MEDIA","spesa media mensile familiare (in euro correnti)","15","valori medi","1_4","latte, formaggi e uova","2013","2013",59.21,,
"ITF1","Abruzzo","SPESA_MEDIA","spesa media mensile familiare (in euro correnti)","15","valori medi","1_6","patate, frutta e ortaggi","2013","2013",82.57,,
"ITC","Nord-ovest","SPESA_MEDIA","spesa media mensile familiare (in euro correnti)","15","valori medi","1","alimentari e bevande","2013","2013",468.59,,
"ITE","Centro","SPESA_MEDIA","spesa media mensile familiare (in euro correnti)","15","valori medi","1","alimentari e bevande","2013","2013",477.25,,
"ITD","Nord-est","SPESA_MEDIA","spesa media mensile familiare (in euro correnti)","15","valori medi","1","alimentari e bevande","2013","2013",442.17,,
"ITF2","Molise","SPESA_MEDIA","spesa media mensile familiare (in euro correnti)","15","valori medi","1_2","carne","2013","2013",112.77,,
"ITD5","Emilia-Romagna","SPESA_MEDIA","spesa media mensile familiare (in euro correnti)","15","valori medi","1_5","oli e grassi","2013","2013",14.28,,
"ITF2","Molise","SPESA_MEDIA","spesa media mensile familiare (in euro correnti)","15","valori medi","1_4","latte, formaggi e uova","2013","2013",67.17,,
"ITF2","Molise","SPESA_MEDIA","spesa media mensile familiare (in euro correnti)","15","valori medi","2_5","mobili, elettrod. e servizi per la casa","2013","2013",111.22,,
"ITD","Nord-est","SPESA_MEDIA","spesa media mensile familiare (in euro correnti)","15","valori medi","1_6","patate, frutta e ortaggi","2013","2013",82.41,,
"ITC2","Valle d'Aosta / Vallée d'Aoste","SPESA_MEDIA","spesa media mensile familiare (in euro correnti)","15","valori medi","2_6","sanità","2013","2013",110.76,,
"ITF5","Basilicata","SPESA_MEDIA","spesa media mensile familiare (in euro correnti)","15","valori medi","2_3","abitazione (principale e secondaria)","2013","2013",448.67,,
"ITE2","Umbria","SPESA_MEDIA","spesa media mensile familiare (in euro correnti)","15","valori medi","1_3","pesce","2013","2013",47.59,,
"ITC3","Liguria","SPESA_MEDIA","spesa media mensile familiare (in euro correnti)","15","valori medi","1_3","pesce","2013","2013",41.49,,
"ITC3","Liguria","SPESA_MEDIA","spesa media mensile familiare (in euro correnti)","15","valori medi","2_1","tabacchi","2013","2013",18.21,,
"ITE3","Marche","SPESA_MEDIA","spesa media mensile familiare (in euro correnti)","15","valori medi","2_1","tabacchi","2013","2013",20.29,,
"ITD4","Friuli-Venezia Giulia","SPESA_MEDIA","spesa media mensile familiare (in euro correnti)","15","valori medi","2_8","comunicazioni","2013","2013",45.92,,
"ITG2","Sardegna","SPESA_MEDIA","spesa media mensile familiare (in euro correnti)","15","valori medi","2_2","abbigliamento e calzature","2013","2013",95.07,,
"ITF1","Abruzzo","SPESA_MEDIA","spesa media mensile familiare (in euro correnti)","15","valori medi","1_7","zucchero, caffè e drogheria","2013","2013",32.85,,
"ITD2","Provincia Autonoma Trento","SPESA_MEDIA","spesa media mensile familiare (in euro correnti)","15","valori medi","1_4","latte, formaggi e uova","2013","2013",66.92,,
"ITD3","Veneto","SPESA_MEDIA","spesa media mensile familiare (in euro correnti)","15","valori medi","1_5","oli e grassi","2013","2013",14.36,,
"ITD2","Provincia Autonoma Trento","SPESA_MEDIA","spesa media mensile familiare (in euro correnti)","15","valori medi","1_8","bevande","2013","2013",31.98,,
"ITD","Nord-est","SPESA_MEDIA","spesa media mensile familiare (in euro correnti)","15","valori medi","1_4","latte, formaggi e uova","2013","2013",60.27,,
"ITC3","Liguria","SPESA_MEDIA","spesa media mensile familiare (in euro correnti)","15","valori medi","1_5","oli e grassi","2013","2013",16.55,,
"ITE4","Lazio","SPESA_MEDIA","spesa media mensile familiare (in euro correnti)","15","valori medi","1_2","carne","2013","2013",115.28,,
"ITF5","Basilicata","SPESA_MEDIA","spesa media mensile familiare (in euro correnti)","15","valori medi","1","alimentari e bevande","2013","2013",444.37,,
"ITC4","Lombardia","SPESA_MEDIA","spesa media mensile familiare (in euro correnti)","15","valori medi","2_6","sanità","2013","2013",114.48,,
"IT","Italia","SPESA_MEDIA","spesa media mensile familiare (in euro correnti)","15","valori medi","2_3","abitazione (principale e secondaria)","2013","2013",693.39,,
"IT","Italia","SPESA_MEDIA","spesa media mensile familiare (in euro correnti)","15","valori medi","1_5","oli e grassi","2013","2013",15.56,,
"ITD3","Veneto","SPESA_MEDIA","spesa media mensile familiare (in euro correnti)","15","valori medi","2_3","abitazione (principale e secondaria)","2013","2013",794.77,,
"ITDA","Trentino Alto Adige / Südtirol","SPESA_MEDIA","spesa media mensile familiare (in euro correnti)","15","valori medi","1","alimentari e bevande","2013","2013",441.56,,
"ITF3","Campania","SPESA_MEDIA","spesa media mensile familiare (in euro correnti)","15","valori medi","1","alimentari e bevande","2013","2013",490.02,,
"ITC1","Piemonte","SPESA_MEDIA","spesa media mensile familiare (in euro correnti)","15","valori medi","1","alimentari e bevande","2013","2013",490.58,,
"ITE3","Marche","SPESA_MEDIA","spesa media mensile familiare (in euro correnti)","15","valori medi","2_9","istruzione","2013","2013",31.24,,
"ITD1","Provincia Autonoma Bolzano / Bozen","SPESA_MEDIA","spesa media mensile familiare (in euro correnti)","15","valori medi","2_7","trasporti","2013","2013",534.37,,
"ITD3","Veneto","SPESA_MEDIA","spesa media mensile familiare (in euro correnti)","15","valori medi","2_9","istruzione","2013","2013",30.33,,
"ITE4","Lazio","SPESA_MEDIA","spesa media mensile familiare (in euro correnti)","15","valori medi","2_5","mobili, elettrod. e servizi per la casa","2013","2013",106.57,,
"ITC4","Lombardia","SPESA_MEDIA","spesa media mensile familiare (in euro correnti)","15","valori medi","2_5","mobili, elettrod. e servizi per la casa","2013","2013",125.44,,
"ITF2","Molise","SPESA_MEDIA","spesa media mensile familiare (in euro correnti)","15","valori medi","1_1","pane e cereali","2013","2013",76.45,,
"ITDA","Trentino Alto Adige / Südtirol","SPESA_MEDIA","spesa media mensile familiare (in euro correnti)","15","valori medi","2_6","sanità","2013","2013",103.19,,
"ITF3","Campania","SPESA_MEDIA","spesa media mensile familiare (in euro correnti)","15","valori medi","1_4","latte, formaggi e uova","2013","2013",68.89,,
"ITF","Sud","SPESA_MEDIA","spesa media mensile familiare (in euro correnti)","15","valori medi","2_5","mobili, elettrod. e servizi per la casa","2013","2013",92.03,,
"ITD5","Emilia-Romagna","SPESA_MEDIA","spesa media mensile familiare (in euro correnti)","15","valori medi","2_3","abitazione (principale e secondaria)","2013","2013",805.77,,
"ITF2","Molise","SPESA_MEDIA","spesa media mensile familiare (in euro correnti)","15","valori medi","2_2","abbigliamento e calzature","2013","2013",101.05,,
"ITD2","Provincia Autonoma Trento","SPESA_MEDIA","spesa media mensile familiare (in euro correnti)","15","valori medi","2_2","abbigliamento e calzature","2013","2013",115.5,,
"ITDA","Trentino Alto Adige / Südtirol","SPESA_MEDIA","spesa media mensile familiare (in euro correnti)","15","valori medi","1_4","latte, formaggi e uova","2013","2013",67.64,,
"ITE1","Toscana","SPESA_MEDIA","spesa media mensile familiare (in euro correnti)","15","valori medi","1_2","carne","2013","2013",113.74,,
"ITG1","Sicilia","SPESA_MEDIA","spesa media mensile familiare (in euro correnti)","15","valori medi","1_3","pesce","2013","2013",46.18,,
"ITE2","Umbria","SPESA_MEDIA","spesa media mensile familiare (in euro correnti)","15","valori medi","2_3","abitazione (principale e secondaria)","2013","2013",631.36,,
"ITE1","Toscana","SPESA_MEDIA","spesa media mensile familiare (in euro correnti)","15","valori medi","2_4","combustibili ed energia","2013","2013",148.93,,
"ITG","Isole","SPESA_MEDIA","spesa media mensile familiare (in euro correnti)","15","valori medi","2_8","comunicazioni","2013","2013",33.62,,
"ITG1","Sicilia","SPESA_MEDIA","spesa media mensile familiare (in euro correnti)","15","valori medi","1","alimentari e bevande","2013","2013",424.4,,
"ITD3","Veneto","SPESA_MEDIA","spesa media mensile familiare (in euro correnti)","15","valori medi","2_2","abbigliamento e calzature","2013","2013",117.35,,
"ITD4","Friuli-Venezia Giulia","SPESA_MEDIA","spesa media mensile familiare (in euro correnti)","15","valori medi","1_8","bevande","2013","2013",43.21,,
"ITF","Sud","SPESA_MEDIA","spesa media mensile familiare (in euro correnti)","15","valori medi","2_9","istruzione","2013","2013",21.83,,
"ITF4","Puglia","SPESA_MEDIA","spesa media mensile familiare (in euro correnti)","15","valori medi","2_1","tabacchi","2013","2013",18.13,,
"IT","Italia","SPESA_MEDIA","spesa media mensile familiare (in euro correnti)","15","valori medi","2_2","abbigliamento e calzature","2013","2013",109.14,,
"ITC","Nord-ovest","SPESA_MEDIA","spesa media mensile familiare (in euro correnti)","15","valori medi","2_2","abbigliamento e calzature","2013","2013",113.62,,
"ITF1","Abruzzo","SPESA_MEDIA","spesa media mensile familiare (in euro correnti)","15","valori medi","2_1","tabacchi","2013","2013",23.48,,
"ITF6","Calabria","SPESA_MEDIA","spesa media mensile familiare (in euro correnti)","15","valori medi","1_6","patate, frutta e ortaggi","2013","2013",74.9,,
"ITC","Nord-ovest","SPESA_MEDIA","spesa media mensile familiare (in euro correnti)","15","valori medi","2_3","abitazione (principale e secondaria)","2013","2013",809.28,,
"ITE2","Umbria","SPESA_MEDIA","spesa media mensile familiare (in euro correnti)","15","valori medi","2_9","istruzione","2013","2013",25.4,,
"ITF1","Abruzzo","SPESA_MEDIA","spesa media mensile familiare (in euro correnti)","15","valori medi","1_3","pesce","2013","2013",47.03,,
"ITD5","Emilia-Romagna","SPESA_MEDIA","spesa media mensile familiare (in euro correnti)","15","valori medi","1_6","patate, frutta e ortaggi","2013","2013",84.68,,
"ITE3","Marche","SPESA_MEDIA","spesa media mensile familiare (in euro correnti)","15","valori medi","1_2","carne","2013","2013",115.65,,
"ITD1","Provincia Autonoma Bolzano / Bozen","SPESA_MEDIA","spesa media mensile familiare (in euro correnti)","15","valori medi","2_4","combustibili ed energia","2013","2013",128.69,,
"ITD1","Provincia Autonoma Bolzano / Bozen","SPESA_MEDIA","spesa media mensile familiare (in euro correnti)","15","valori medi","2_1","tabacchi","2013","2013",21.03,,
"ITE2","Umbria","SPESA_MEDIA","spesa media mensile familiare (in euro correnti)","15","valori medi","1_7","zucchero, caffè e drogheria","2013","2013",34.37,,
"ITC4","Lombardia","SPESA_MEDIA","spesa media mensile familiare (in euro correnti)","15","valori medi","1_4","latte, formaggi e uova","2013","2013",63.28,,
"ITDA","Trentino Alto Adige / Südtirol","SPESA_MEDIA","spesa media mensile familiare (in euro correnti)","15","valori medi","2_9","istruzione","2013","2013",49.27,,
"ITD5","Emilia-Romagna","SPESA_MEDIA","spesa media mensile familiare (in euro correnti)","15","valori medi","1_1","pane e cereali","2013","2013",74.96,,
"ITF3","Campania","SPESA_MEDIA","spesa media mensile familiare (in euro correnti)","15","valori medi","1_2","carne","2013","2013",118.31,,
"ITF1","Abruzzo","SPESA_MEDIA","spesa media mensile familiare (in euro correnti)","15","valori medi","2_5","mobili, elettrod. e servizi per la casa","2013","2013",106.48,,
"ITC2","Valle d'Aosta / Vallée d'Aoste","SPESA_MEDIA","spesa media mensile familiare (in euro correnti)","15","valori medi","2_4","combustibili ed energia","2013","2013",140.36,,
"IT","Italia","SPESA_MEDIA","spesa media mensile familiare (in euro correnti)","15","valori medi","1_8","bevande","2013","2013",41.85,,
"ITF5","Basilicata","SPESA_MEDIA","spesa media mensile familiare (in euro correnti)","15","valori medi","2_4","combustibili ed energia","2013","2013",147.5,,
"ITE2","Umbria","SPESA_MEDIA","spesa media mensile familiare (in euro correnti)","15","valori medi","1","alimentari e bevande","2013","2013",467.02,,
"ITF","Sud","SPESA_MEDIA","spesa media mensile familiare (in euro correnti)","15","valori medi","2_4","combustibili ed energia","2013","2013",115.27,,
"ITD5","Emilia-Romagna","SPESA_MEDIA","spesa media mensile familiare (in euro correnti)","15","valori medi","1_4","latte, formaggi e uova","2013","2013",59.77,,
"ITC2","Valle d'Aosta / Vallée d'Aoste","SPESA_MEDIA","spesa media mensile familiare (in euro correnti)","15","valori medi","1_4","latte, formaggi e uova","2013","2013",65.42,,
"ITD1","Provincia Autonoma Bolzano / Bozen","SPESA_MEDIA","spesa media mensile familiare (in euro correnti)","15","valori medi","1_7","zucchero, caffè e drogheria","2013","2013",39.84,,
"ITC2","Valle d'Aosta / Vallée d'Aoste","SPESA_MEDIA","spesa media mensile familiare (in euro correnti)","15","valori medi","2_5","mobili, elettrod. e servizi per la casa","2013","2013",111.95,,
"ITF1","Abruzzo","SPESA_MEDIA","spesa media mensile familiare (in euro correnti)","15","valori medi","1_1","pane e cereali","2013","2013",75.54,,
"ITG","Isole","SPESA_MEDIA","spesa media mensile familiare (in euro correnti)","15","valori medi","1_6","patate, frutta e ortaggi","2013","2013",72.11,,
"ITE4","Lazio","SPESA_MEDIA","spesa media mensile familiare (in euro correnti)","15","valori medi","1_8","bevande","2013","2013",42.44,,
"IT","Italia","SPESA_MEDIA","spesa media mensile familiare (in euro correnti)","15","valori medi","1_3","pesce","2013","2013",40.88,,
"ITF","Sud","SPESA_MEDIA","spesa media mensile familiare (in euro correnti)","15","valori medi","2_6","sanità","2013","2013",65.27,,
"ITC1","Piemonte","SPESA_MEDIA","spesa media mensile familiare (in euro correnti)","15","valori medi","2_4","combustibili ed energia","2013","2013",172.11,,
"ITF5","Basilicata","SPESA_MEDIA","spesa media mensile familiare (in euro correnti)","15","valori medi","1_4","latte, formaggi e uova","2013","2013",60.6,,
"ITC1","Piemonte","SPESA_MEDIA","spesa media mensile familiare (in euro correnti)","15","valori medi","1_2","carne","2013","2013",109.78,,
"ITD","Nord-est","SPESA_MEDIA","spesa media mensile familiare (in euro correnti)","15","valori medi","1_3","pesce","2013","2013",34.79,,
"ITDA","Trentino Alto Adige / Südtirol","SPESA_MEDIA","spesa media mensile familiare (in euro correnti)","15","valori medi","1_2","carne","2013","2013",91.67,,
"ITD1","Provincia Autonoma Bolzano / Bozen","SPESA_MEDIA","spesa media mensile familiare (in euro correnti)","15","valori medi","1_6","patate, frutta e ortaggi","2013","2013",80.94,,
"ITG","Isole","SPESA_MEDIA","spesa media mensile familiare (in euro correnti)","15","valori medi","1_1","pane e cereali","2013","2013",74.58,,
"ITD2","Provincia Autonoma Trento","SPESA_MEDIA","spesa media mensile familiare (in euro correnti)","15","valori medi","2_4","combustibili ed energia","2013","2013",136.88,,
"ITG2","Sardegna","SPESA_MEDIA","spesa media mensile familiare (in euro correnti)","15","valori medi","1","alimentari e bevande","2013","2013",433.22,,
"ITF2","Molise","SPESA_MEDIA","spesa media mensile familiare (in euro correnti)","15","valori medi","1","alimentari e bevande","2013","2013",463.54,,
"ITE1","Toscana","SPESA_MEDIA","spesa media mensile familiare (in euro correnti)","15","valori medi","1","alimentari e bevande","2013","2013",470.27,,
"ITD","Nord-est","SPESA_MEDIA","spesa media mensile familiare (in euro correnti)","15","valori medi","1_5","oli e grassi","2013","2013",14.59,,
"ITC3","Liguria","SPESA_MEDIA","spesa media mensile familiare (in euro correnti)","15","valori medi","2_9","istruzione","2013","2013",13.76,,
"ITG1","Sicilia","SPESA_MEDIA","spesa media mensile familiare (in euro correnti)","15","valori medi","2_6","sanità","2013","2013",50.93,,
"ITD4","Friuli-Venezia Giulia","SPESA_MEDIA","spesa media mensile familiare (in euro correnti)","15","valori medi","2_5","mobili, elettrod. e servizi per la casa","2013","2013",112.57,,
"ITD2","Provincia Autonoma Trento","SPESA_MEDIA","spesa media mensile familiare (in euro correnti)","15","valori medi","2_9","istruzione","2013","2013",38.98,,
"ITD","Nord-est","SPESA_MEDIA","spesa media mensile familiare (in euro correnti)","15","valori medi","2_7","trasporti","2013","2013",422.25,,
"ITD4","Friuli-Venezia Giulia","SPESA_MEDIA","spesa media mensile familiare (in euro correnti)","15","valori medi","1_3","pesce","2013","2013",32.22,,
"ITE3","Marche","SPESA_MEDIA","spesa media mensile familiare (in euro correnti)","15","valori medi","2_6","sanità","2013","2013",85.39,,
"ITE1","Toscana","SPESA_MEDIA","spesa media mensile familiare (in euro correnti)","15","valori medi","2_9","istruzione","2013","2013",24.58,,
"ITF","Sud","SPESA_MEDIA","spesa media mensile familiare (in euro correnti)","15","valori medi","2_3","abitazione (principale e secondaria)","2013","2013",481.11,,
"ITF6","Calabria","SPESA_MEDIA","spesa media mensile familiare (in euro correnti)","15","valori medi","1_1","pane e cereali","2013","2013",73.78,,
"ITG1","Sicilia","SPESA_MEDIA","spesa media mensile familiare (in euro correnti)","15","valori medi","1_8","bevande","2013","2013",34.22,,
"ITC4","Lombardia","SPESA_MEDIA","spesa media mensile familiare (in euro correnti)","15","valori medi","1_7","zucchero, caffè e drogheria","2013","2013",34.27,,
"ITG","Isole","SPESA_MEDIA","spesa media mensile familiare (in euro correnti)","15","valori medi","1_4","latte, formaggi e uova","2013","2013",51.59,,
"ITC3","Liguria","SPESA_MEDIA","spesa media mensile familiare (in euro correnti)","15","valori medi","2_2","abbigliamento e calzature","2013","2013",92.88,,
"ITC1","Piemonte","SPESA_MEDIA","spesa media mensile familiare (in euro correnti)","15","valori medi","2_9","istruzione","2013","2013",30.44,,
"ITF5","Basilicata","SPESA_MEDIA","spesa media mensile familiare (in euro correnti)","15","valori medi","2_1","tabacchi","2013","2013",21.07,,
"ITE3","Marche","SPESA_MEDIA","spesa media mensile familiare (in euro correnti)","15","valori medi","2_3","abitazione (principale e secondaria)","2013","2013",652.69,,
"ITE4","Lazio","SPESA_MEDIA","spesa media mensile familiare (in euro correnti)","15","valori medi","2_7","trasporti","2013","2013",320.99,,
"ITD2","Provincia Autonoma Trento","SPESA_MEDIA","spesa media mensile familiare (in euro correnti)","15","valori medi","1_2","carne","2013","2013",91.03,,
"ITC","Nord-ovest","SPESA_MEDIA","spesa media mensile familiare (in euro correnti)","15","valori medi","1_3","pesce","2013","2013",35.1,,
"ITD","Nord-est","SPESA_MEDIA","spesa media mensile familiare (in euro correnti)","15","valori medi","2_2","abbigliamento e calzature","2013","2013",120.32,,
"ITF4","Puglia","SPESA_MEDIA","spesa media mensile familiare (in euro correnti)","15","valori medi","2_5","mobili, elettrod. e servizi per la casa","2013","2013",95.25,,
"ITE","Centro","SPESA_MEDIA","spesa media mensile familiare (in euro correnti)","15","valori medi","1_3","pesce","2013","2013",43.94,,
"ITC3","Liguria","SPESA_MEDIA","spesa media mensile familiare (in euro correnti)","15","valori medi","2_3","abitazione (principale e secondaria)","2013","2013",743.06,,
"ITD4","Friuli-Venezia Giulia","SPESA_MEDIA","spesa media mensile familiare (in euro correnti)","15","valori medi","2_7","trasporti","2013","2013",393.47,,
"ITF4","Puglia","SPESA_MEDIA","spesa media mensile familiare (in euro correnti)","15","valori medi","1_4","latte, formaggi e uova","2013","2013",60.12,,
"ITC4","Lombardia","SPESA_MEDIA","spesa media mensile familiare (in euro correnti)","15","valori medi","2_2","abbigliamento e calzature","2013","2013",115.85,,
"ITD3","Veneto","SPESA_MEDIA","spesa media mensile familiare (in euro correnti)","15","valori medi","1_7","zucchero, caffè e drogheria","2013","2013",32.55,,
"ITE3","Marche","SPESA_MEDIA","spesa media mensile familiare (in euro correnti)","15","valori medi","1_7","zucchero, caffè e drogheria","2013","2013",31.17,,
"ITG1","Sicilia","SPESA_MEDIA","spesa media mensile familiare (in euro correnti)","15","valori medi","2_2","abbigliamento e calzature","2013","2013",84.27,,
"ITF","Sud","SPESA_MEDIA","spesa media mensile familiare (in euro correnti)","15","valori medi","2_8","comunicazioni","2013","2013",39.14,,
"ITG","Isole","SPESA_MEDIA","spesa media mensile familiare (in euro correnti)","15","valori medi","2_1","tabacchi","2013","2013",22.99,,
"ITD4","Friuli-Venezia Giulia","SPESA_MEDIA","spesa media mensile familiare (in euro correnti)","15","valori medi","1_1","pane e cereali","2013","2013",69.22,,
"ITC3","Liguria","SPESA_MEDIA","spesa media mensile familiare (in euro correnti)","15","valori medi","1_2","carne","2013","2013",103.56,,
"ITD4","Friuli-Venezia Giulia","SPESA_MEDIA","spesa media mensile familiare (in euro correnti)","15","valori medi","1_4","latte, formaggi e uova","2013","2013",65.78,,
"ITE","Centro","SPESA_MEDIA","spesa media mensile familiare (in euro correnti)","15","valori medi","2_3","abitazione (principale e secondaria)","2013","2013",757.76,,
"ITF","Sud","SPESA_MEDIA","spesa media mensile familiare (in euro correnti)","15","valori medi","1_8","bevande","2013","2013",36.88,,
"ITC3","Liguria","SPESA_MEDIA","spesa media mensile familiare (in euro correnti)","15","valori medi","1_7","zucchero, caffè e drogheria","2013","2013",33.66,,
"ITF1","Abruzzo","SPESA_MEDIA","spesa media mensile familiare (in euro correnti)","15","valori medi","1_5","oli e grassi","2013","2013",14.26,,
"ITC2","Valle d'Aosta / Vallée d'Aoste","SPESA_MEDIA","spesa media mensile familiare (in euro correnti)","15","valori medi","2_1","tabacchi","2013","2013",14.72,,
"ITD1","Provincia Autonoma Bolzano / Bozen","SPESA_MEDIA","spesa media mensile familiare (in euro correnti)","15","valori medi","2_8","comunicazioni","2013","2013",55.89,,
"ITE1","Toscana","SPESA_MEDIA","spesa media mensile familiare (in euro correnti)","15","valori medi","2_6","sanità","2013","2013",91.72,,
"ITF3","Campania","SPESA_MEDIA","spesa media mensile familiare (in euro correnti)","15","valori medi","2_4","combustibili ed energia","2013","2013",100.9,,
"ITC4","Lombardia","SPESA_MEDIA","spesa media mensile familiare (in euro correnti)","15","valori medi","2_7","trasporti","2013","2013",393.22,,
"ITD5","Emilia-Romagna","SPESA_MEDIA","spesa media mensile familiare (in euro correnti)","15","valori medi","1_3","pesce","2013","2013",37.33,,
"ITG","Isole","SPESA_MEDIA","spesa media mensile familiare (in euro correnti)","15","valori medi","1_3","pesce","2013","2013",44.83,,
"ITE4","Lazio","SPESA_MEDIA","spesa media mensile familiare (in euro correnti)","15","valori medi","2_2","abbigliamento e calzature","2013","2013",107.84,,
"ITD2","Provincia Autonoma Trento","SPESA_MEDIA","spesa media mensile familiare (in euro correnti)","15","valori medi","1","alimentari e bevande","2013","2013",420.25,,
"ITE4","Lazio","SPESA_MEDIA","spesa media mensile familiare (in euro correnti)","15","valori medi","1_4","latte, formaggi e uova","2013","2013",63.05,,
"ITD2","Provincia Autonoma Trento","SPESA_MEDIA","spesa media mensile familiare (in euro correnti)","15","valori medi","2_1","tabacchi","2013","2013",15.38,,
"ITC2","Valle d'Aosta / Vallée d'Aoste","SPESA_MEDIA","spesa media mensile familiare (in euro correnti)","15","valori medi","1_2","carne","2013","2013",93.37,,
"ITF5","Basilicata","SPESA_MEDIA","spesa media mensile familiare (in euro correnti)","15","valori medi","2_5","mobili, elettrod. e servizi per la casa","2013","2013",102.12,,
"ITF6","Calabria","SPESA_MEDIA","spesa media mensile familiare (in euro correnti)","15","valori medi","2_8","comunicazioni","2013","2013",32.92,,
"ITC","Nord-ovest","SPESA_MEDIA","spesa media mensile familiare (in euro correnti)","15","valori medi","2_7","trasporti","2013","2013",376.5,,
"ITF5","Basilicata","SPESA_MEDIA","spesa media mensile familiare (in euro correnti)","15","valori medi","1_1","pane e cereali","2013","2013",73.37,,
"ITC4","Lombardia","SPESA_MEDIA","spesa media mensile familiare (in euro correnti)","15","valori medi","1_3","pesce","2013","2013",32.76,,
"ITG2","Sardegna","SPESA_MEDIA","spesa media mensile familiare (in euro correnti)","15","valori medi","1_2","carne","2013","2013",89.93,,
"ITF2","Molise","SPESA_MEDIA","spesa media mensile familiare (in euro correnti)","15","valori medi","2_1","tabacchi","2013","2013",21,,
"ITD1","Provincia Autonoma Bolzano / Bozen","SPESA_MEDIA","spesa media mensile familiare (in euro correnti)","15","valori medi","1_5","oli e grassi","2013","2013",18.52,,
"ITE4","Lazio","SPESA_MEDIA","spesa media mensile familiare (in euro correnti)","15","valori medi","1_7","zucchero, caffè e drogheria","2013","2013",33.08,,
"ITD4","Friuli-Venezia Giulia","SPESA_MEDIA","spesa media mensile familiare (in euro correnti)","15","valori medi","1_7","zucchero, caffè e drogheria","2013","2013",31.64,,
"ITF6","Calabria","SPESA_MEDIA","spesa media mensile familiare (in euro correnti)","15","valori medi","2_5","mobili, elettrod. e servizi per la casa","2013","2013",70.02,,
"ITF2","Molise","SPESA_MEDIA","spesa media mensile familiare (in euro correnti)","15","valori medi","2_9","istruzione","2013","2013",33.38,,
"ITG1","Sicilia","SPESA_MEDIA","spesa media mensile familiare (in euro correnti)","15","valori medi","2_7","trasporti","2013","2013",194.42,,
"ITF5","Basilicata","SPESA_MEDIA","spesa media mensile familiare (in euro correnti)","15","valori medi","2_8","comunicazioni","2013","2013",42.17,,
"ITC3","Liguria","SPESA_MEDIA","spesa media mensile familiare (in euro correnti)","15","valori medi","2_6","sanità","2013","2013",86.93,,
"ITE2","Umbria","SPESA_MEDIA","spesa media mensile familiare (in euro correnti)","15","valori medi","2_2","abbigliamento e calzature","2013","2013",98.73,,
"ITF4","Puglia","SPESA_MEDIA","spesa media mensile familiare (in euro correnti)","15","valori medi","2_4","combustibili ed energia","2013","2013",111.35,,
"ITG","Isole","SPESA_MEDIA","spesa media mensile familiare (in euro correnti)","15","valori medi","2_5","mobili, elettrod. e servizi per la casa","2013","2013",65.64,,
"ITC3","Liguria","SPESA_MEDIA","spesa media mensile familiare (in euro correnti)","15","valori medi","1","alimentari e bevande","2013","2013",457.08,,
"ITG2","Sardegna","SPESA_MEDIA","spesa media mensile familiare (in euro correnti)","15","valori medi","2_1","tabacchi","2013","2013",12.46,,
"ITD3","Veneto","SPESA_MEDIA","spesa media mensile familiare (in euro correnti)","15","valori medi","1","alimentari e bevande","2013","2013",436.34,,
"IT","Italia","SPESA_MEDIA","spesa media mensile familiare (in euro correnti)","15","valori medi","2_7","trasporti","2013","2013",335.94,,
"ITDA","Trentino Alto Adige / Südtirol","SPESA_MEDIA","spesa media mensile familiare (in euro correnti)","15","valori medi","2_1","tabacchi","2013","2013",18.08,,
"ITD","Nord-est","SPESA_MEDIA","spesa media mensile familiare (in euro correnti)","15","valori medi","1_8","bevande","2013","2013",44.6,,
"ITF3","Campania","SPESA_MEDIA","spesa media mensile familiare (in euro correnti)","15","valori medi","2_9","istruzione","2013","2013",19.79,,
"ITE1","Toscana","SPESA_MEDIA","spesa media mensile familiare (in euro correnti)","15","valori medi","2_3","abitazione (principale e secondaria)","2013","2013",820.64,,
"ITF1","Abruzzo","SPESA_MEDIA","spesa media mensile familiare (in euro correnti)","15","valori medi","1_4","latte, formaggi e uova","2013","2013",62.19,,
"ITE3","Marche","SPESA_MEDIA","spesa media mensile familiare (in euro correnti)","15","valori medi","2_2","abbigliamento e calzature","2013","2013",106.32,,
"ITF4","Puglia","SPESA_MEDIA","spesa media mensile familiare (in euro correnti)","15","valori medi","1_2","carne","2013","2013",102.89,,
"ITC","Nord-ovest","SPESA_MEDIA","spesa media mensile familiare (in euro correnti)","15","valori medi","1_8","bevande","2013","2013",45.27,,
"ITE","Centro","SPESA_MEDIA","spesa media mensile familiare (in euro correnti)","15","valori medi","2_7","trasporti","2013","2013",343.89,,
"ITE3","Marche","SPESA_MEDIA","spesa media mensile familiare (in euro correnti)","15","valori medi","1","alimentari e bevande","2013","2013",469.09,,
"ITC2","Valle d'Aosta / Vallée d'Aoste","SPESA_MEDIA","spesa media mensile familiare (in euro correnti)","15","valori medi","2_8","comunicazioni","2013","2013",47.48,,
"IT","Italia","SPESA_MEDIA","spesa media mensile familiare (in euro correnti)","15","valori medi","999999","totale","2013","2013",2359.05,,
"ITG","Isole","SPESA_MEDIA","spesa media mensile familiare (in euro correnti)","15","valori medi","2_10","tempo libero, cultura e giochi","2013","2013",38.73,,
"ITC4","Lombardia","SPESA_MEDIA","spesa media mensile familiare (in euro correnti)","15","valori medi","2","non alimentari","2013","2013",2312.75,,
"ITD4","Friuli-Venezia Giulia","SPESA_MEDIA","spesa media mensile familiare (in euro correnti)","15","valori medi","2","non alimentari","2013","2013",2039.61,,
"ITC3","Liguria","SPESA_MEDIA","spesa media mensile familiare (in euro correnti)","15","valori medi","2","non alimentari","2013","2013",1858.32,,
"ITG","Isole","SPESA_MEDIA","spesa media mensile familiare (in euro correnti)","15","valori medi","2_11","altri beni e servizi","2013","2013",101.9,,
"ITG1","Sicilia","SPESA_MEDIA","spesa media mensile familiare (in euro correnti)","15","valori medi","2_10","tempo libero, cultura e giochi","2013","2013",35.73,,
"ITE2","Umbria","SPESA_MEDIA","spesa media mensile familiare (in euro correnti)","15","valori medi","2","non alimentari","2013","2013",1877.9,,
"ITD5","Emilia-Romagna","SPESA_MEDIA","spesa media mensile familiare (in euro correnti)","15","valori medi","999999","totale","2013","2013",2762.17,,
"IT","Italia","SPESA_MEDIA","spesa media mensile familiare (in euro correnti)","15","valori medi","2_10","tempo libero, cultura e giochi","2013","2013",94.08,,
"IT","Italia","SPESA_MEDIA","spesa media mensile familiare (in euro correnti)","15","valori medi","2_11","altri beni e servizi","2013","2013",239.85,,
"ITC2","Valle d'Aosta / Vallée d'Aoste","SPESA_MEDIA","spesa media mensile familiare (in euro correnti)","15","valori medi","2","non alimentari","2013","2013",1995.42,,
"ITF2","Molise","SPESA_MEDIA","spesa media mensile familiare (in euro correnti)","15","valori medi","999999","totale","2013","2013",2021.8,,
"ITC","Nord-ovest","SPESA_MEDIA","spesa media mensile familiare (in euro correnti)","15","valori medi","2","non alimentari","2013","2013",2203.95,,
"ITD4","Friuli-Venezia Giulia","SPESA_MEDIA","spesa media mensile familiare (in euro correnti)","15","valori medi","2_11","altri beni e servizi","2013","2013",256.36,,
"ITC3","Liguria","SPESA_MEDIA","spesa media mensile familiare (in euro correnti)","15","valori medi","2_11","altri beni e servizi","2013","2013",265.34,,
"ITD4","Friuli-Venezia Giulia","SPESA_MEDIA","spesa media mensile familiare (in euro correnti)","15","valori medi","2_10","tempo libero, cultura e giochi","2013","2013",110.39,,
"ITD1","Provincia Autonoma Bolzano / Bozen","SPESA_MEDIA","spesa media mensile familiare (in euro correnti)","15","valori medi","2","non alimentari","2013","2013",2865.8,,
"ITF5","Basilicata","SPESA_MEDIA","spesa media mensile familiare (in euro correnti)","15","valori medi","2_10","tempo libero, cultura e giochi","2013","2013",64.45,,
"ITC1","Piemonte","SPESA_MEDIA","spesa media mensile familiare (in euro correnti)","15","valori medi","2_10","tempo libero, cultura e giochi","2013","2013",120.7,,
"ITC1","Piemonte","SPESA_MEDIA","spesa media mensile familiare (in euro correnti)","15","valori medi","999999","totale","2013","2013",2598.79,,
"ITG1","Sicilia","SPESA_MEDIA","spesa media mensile familiare (in euro correnti)","15","valori medi","2","non alimentari","2013","2013",1155.42,,
"ITF4","Puglia","SPESA_MEDIA","spesa media mensile familiare (in euro correnti)","15","valori medi","999999","totale","2013","2013",1872,,
"ITC2","Valle d'Aosta / Vallée d'Aoste","SPESA_MEDIA","spesa media mensile familiare (in euro correnti)","15","valori medi","2_10","tempo libero, cultura e giochi","2013","2013",109.41,,
"ITE","Centro","SPESA_MEDIA","spesa media mensile familiare (in euro correnti)","15","valori medi","2_11","altri beni e servizi","2013","2013",237.8,,
"ITF6","Calabria","SPESA_MEDIA","spesa media mensile familiare (in euro correnti)","15","valori medi","2","non alimentari","2013","2013",1195.8,,
"ITD2","Provincia Autonoma Trento","SPESA_MEDIA","spesa media mensile familiare (in euro correnti)","15","valori medi","999999","totale","2013","2013",2635.56,,
"ITE2","Umbria","SPESA_MEDIA","spesa media mensile familiare (in euro correnti)","15","valori medi","2_10","tempo libero, cultura e giochi","2013","2013",116.35,,
"ITD","Nord-est","SPESA_MEDIA","spesa media mensile familiare (in euro correnti)","15","valori medi","2","non alimentari","2013","2013",2283.22,,
"ITE1","Toscana","SPESA_MEDIA","spesa media mensile familiare (in euro correnti)","15","valori medi","2_10","tempo libero, cultura e giochi","2013","2013",106.24,,
"ITG","Isole","SPESA_MEDIA","spesa media mensile familiare (in euro correnti)","15","valori medi","999999","totale","2013","2013",1639.4,,
"ITDA","Trentino Alto Adige / Südtirol","SPESA_MEDIA","spesa media mensile familiare (in euro correnti)","15","valori medi","2_11","altri beni e servizi","2013","2013",365.64,,
"ITF3","Campania","SPESA_MEDIA","spesa media mensile familiare (in euro correnti)","15","valori medi","2","non alimentari","2013","2013",1407.47,,
"ITF","Sud","SPESA_MEDIA","spesa media mensile familiare (in euro correnti)","15","valori medi","2_11","altri beni e servizi","2013","2013",161.46,,
"ITF","Sud","SPESA_MEDIA","spesa media mensile familiare (in euro correnti)","15","valori medi","2","non alimentari","2013","2013",1409.52,,
"ITDA","Trentino Alto Adige / Südtirol","SPESA_MEDIA","spesa media mensile familiare (in euro correnti)","15","valori medi","999999","totale","2013","2013",2967.75,,
"ITG2","Sardegna","SPESA_MEDIA","spesa media mensile familiare (in euro correnti)","15","valori medi","2_9","istruzione","2013","2013",12.15,,
"ITF1","Abruzzo","SPESA_MEDIA","spesa media mensile familiare (in euro correnti)","15","valori medi","999999","totale","2013","2013",2108.18,,
"ITD","Nord-est","SPESA_MEDIA","spesa media mensile familiare (in euro correnti)","15","valori medi","999999","totale","2013","2013",2725.39,,
"ITD5","Emilia-Romagna","SPESA_MEDIA","spesa media mensile familiare (in euro correnti)","15","valori medi","2_11","altri beni e servizi","2013","2013",330.45,,
"ITF1","Abruzzo","SPESA_MEDIA","spesa media mensile familiare (in euro correnti)","15","valori medi","2_11","altri beni e servizi","2013","2013",180.89,,
"ITDA","Trentino Alto Adige / Südtirol","SPESA_MEDIA","spesa media mensile familiare (in euro correnti)","15","valori medi","2_10","tempo libero, cultura e giochi","2013","2013",165.15,,
"ITG2","Sardegna","SPESA_MEDIA","spesa media mensile familiare (in euro correnti)","15","valori medi","999999","totale","2013","2013",1811.12,,
"ITD","Nord-est","SPESA_MEDIA","spesa media mensile familiare (in euro correnti)","15","valori medi","2_11","altri beni e servizi","2013","2013",316.01,,
"ITE","Centro","SPESA_MEDIA","spesa media mensile familiare (in euro correnti)","15","valori medi","2_10","tempo libero, cultura e giochi","2013","2013",95.79,,
"ITF6","Calabria","SPESA_MEDIA","spesa media mensile familiare (in euro correnti)","15","valori medi","2_10","tempo libero, cultura e giochi","2013","2013",47.82,,
"ITE4","Lazio","SPESA_MEDIA","spesa media mensile familiare (in euro correnti)","15","valori medi","999999","totale","2013","2013",2389.05,,
"ITC4","Lombardia","SPESA_MEDIA","spesa media mensile familiare (in euro correnti)","15","valori medi","2_10","tempo libero, cultura e giochi","2013","2013",122.08,,
"ITF3","Campania","SPESA_MEDIA","spesa media mensile familiare (in euro correnti)","15","valori medi","2_11","altri beni e servizi","2013","2013",174.74,,
"ITG","Isole","SPESA_MEDIA","spesa media mensile familiare (in euro correnti)","15","valori medi","2_9","istruzione","2013","2013",14.05,,
"ITD4","Friuli-Venezia Giulia","SPESA_MEDIA","spesa media mensile familiare (in euro correnti)","15","valori medi","999999","totale","2013","2013",2475.09,,
"ITG","Isole","SPESA_MEDIA","spesa media mensile familiare (in euro correnti)","15","valori medi","2","non alimentari","2013","2013",1212.72,,
"ITD5","Emilia-Romagna","SPESA_MEDIA","spesa media mensile familiare (in euro correnti)","15","valori medi","2","non alimentari","2013","2013",2312,,
"ITF4","Puglia","SPESA_MEDIA","spesa media mensile familiare (in euro correnti)","15","valori medi","2_11","altri beni e servizi","2013","2013",159.09,,
"ITF3","Campania","SPESA_MEDIA","spesa media mensile familiare (in euro correnti)","15","valori medi","999999","totale","2013","2013",1897.48,,
"ITF3","Campania","SPESA_MEDIA","spesa media mensile familiare (in euro correnti)","15","valori medi","2_10","tempo libero, cultura e giochi","2013","2013",53.69,,
"ITC1","Piemonte","SPESA_MEDIA","spesa media mensile familiare (in euro correnti)","15","valori medi","2_11","altri beni e servizi","2013","2013",305.6,,
"ITF2","Molise","SPESA_MEDIA","spesa media mensile familiare (in euro correnti)","15","valori medi","2_11","altri beni e servizi","2013","2013",178.67,,
"ITC","Nord-ovest","SPESA_MEDIA","spesa media mensile familiare (in euro correnti)","15","valori medi","2_11","altri beni e servizi","2013","2013",297.73,,
"ITE","Centro","SPESA_MEDIA","spesa media mensile familiare (in euro correnti)","15","valori medi","2","non alimentari","2013","2013",1958.87,,
"ITE2","Umbria","SPESA_MEDIA","spesa media mensile familiare (in euro correnti)","15","valori medi","2_11","altri beni e servizi","2013","2013",235.81,,
"ITC3","Liguria","SPESA_MEDIA","spesa media mensile familiare (in euro correnti)","15","valori medi","999999","totale","2013","2013",2315.4,,
"ITF5","Basilicata","SPESA_MEDIA","spesa media mensile familiare (in euro correnti)","15","valori medi","2","non alimentari","2013","2013",1500.3,,
"ITC4","Lombardia","SPESA_MEDIA","spesa media mensile familiare (in euro correnti)","15","valori medi","2_11","altri beni e servizi","2013","2013",300.03,,
"ITD1","Provincia Autonoma Bolzano / Bozen","SPESA_MEDIA","spesa media mensile familiare (in euro correnti)","15","valori medi","2_11","altri beni e servizi","2013","2013",458.48,,
"ITC1","Piemonte","SPESA_MEDIA","spesa media mensile familiare (in euro correnti)","15","valori medi","2","non alimentari","2013","2013",2108.22,,
"ITE1","Toscana","SPESA_MEDIA","spesa media mensile familiare (in euro correnti)","15","valori medi","2_11","altri beni e servizi","2013","2013",236.36,,
"ITDA","Trentino Alto Adige / Südtirol","SPESA_MEDIA","spesa media mensile familiare (in euro correnti)","15","valori medi","2","non alimentari","2013","2013",2526.19,,
"ITE1","Toscana","SPESA_MEDIA","spesa media mensile familiare (in euro correnti)","15","valori medi","2","non alimentari","2013","2013",2096.74,,
"ITD1","Provincia Autonoma Bolzano / Bozen","SPESA_MEDIA","spesa media mensile familiare (in euro correnti)","15","valori medi","2_10","tempo libero, cultura e giochi","2013","2013",192.07,,
"ITE4","Lazio","SPESA_MEDIA","spesa media mensile familiare (in euro correnti)","15","valori medi","2_10","tempo libero, cultura e giochi","2013","2013",84.23,,
"ITE4","Lazio","SPESA_MEDIA","spesa media mensile familiare (in euro correnti)","15","valori medi","2_11","altri beni e servizi","2013","2013",237.18,,
"ITF2","Molise","SPESA_MEDIA","spesa media mensile familiare (in euro correnti)","15","valori medi","2_10","tempo libero, cultura e giochi","2013","2013",71.61,,
"ITC2","Valle d'Aosta / Vallée d'Aoste","SPESA_MEDIA","spesa media mensile familiare (in euro correnti)","15","valori medi","999999","totale","2013","2013",2407.87,,
"ITD3","Veneto","SPESA_MEDIA","spesa media mensile familiare (in euro correnti)","15","valori medi","2_10","tempo libero, cultura e giochi","2013","2013",121.16,,
"ITG2","Sardegna","SPESA_MEDIA","spesa media mensile familiare (in euro correnti)","15","valori medi","2_10","tempo libero, cultura e giochi","2013","2013",47.38,,
"ITF4","Puglia","SPESA_MEDIA","spesa media mensile familiare (in euro correnti)","15","valori medi","2_10","tempo libero, cultura e giochi","2013","2013",60.85,,
"ITG2","Sardegna","SPESA_MEDIA","spesa media mensile familiare (in euro correnti)","15","valori medi","2_11","altri beni e servizi","2013","2013",89.57,,
"ITD1","Provincia Autonoma Bolzano / Bozen","SPESA_MEDIA","spesa media mensile familiare (in euro correnti)","15","valori medi","999999","totale","2013","2013",3330.65,,
"ITG1","Sicilia","SPESA_MEDIA","spesa media mensile familiare (in euro correnti)","15","valori medi","2_11","altri beni e servizi","2013","2013",106.18,,
"ITD2","Provincia Autonoma Trento","SPESA_MEDIA","spesa media mensile familiare (in euro correnti)","15","valori medi","2","non alimentari","2013","2013",2215.31,,
"ITC2","Valle d'Aosta / Vallée d'Aoste","SPESA_MEDIA","spesa media mensile familiare (in euro correnti)","15","valori medi","2_11","altri beni e servizi","2013","2013",289.02,,
"ITF4","Puglia","SPESA_MEDIA","spesa media mensile familiare (in euro correnti)","15","valori medi","2","non alimentari","2013","2013",1415.85,,
"ITE1","Toscana","SPESA_MEDIA","spesa media mensile familiare (in euro correnti)","15","valori medi","999999","totale","2013","2013",2567,,
"ITF5","Basilicata","SPESA_MEDIA","spesa media mensile familiare (in euro correnti)","15","valori medi","999999","totale","2013","2013",1944.67,,
"ITE","Centro","SPESA_MEDIA","spesa media mensile familiare (in euro correnti)","15","valori medi","999999","totale","2013","2013",2436.12,,
"ITD5","Emilia-Romagna","SPESA_MEDIA","spesa media mensile familiare (in euro correnti)","15","valori medi","2_10","tempo libero, cultura e giochi","2013","2013",124.6,,
"ITD2","Provincia Autonoma Trento","SPESA_MEDIA","spesa media mensile familiare (in euro correnti)","15","valori medi","2_10","tempo libero, cultura e giochi","2013","2013",140.51,,
"ITF6","Calabria","SPESA_MEDIA","spesa media mensile familiare (in euro correnti)","15","valori medi","2_11","altri beni e servizi","2013","2013",110.98,,
"ITE3","Marche","SPESA_MEDIA","spesa media mensile familiare (in euro correnti)","15","valori medi","999999","totale","2013","2013",2345.77,,
"ITE3","Marche","SPESA_MEDIA","spesa media mensile familiare (in euro correnti)","15","valori medi","2_10","tempo libero, cultura e giochi","2013","2013",103.33,,
"ITD3","Veneto","SPESA_MEDIA","spesa media mensile familiare (in euro correnti)","15","valori medi","999999","totale","2013","2013",2706.02,,
"ITE4","Lazio","SPESA_MEDIA","spesa media mensile familiare (in euro correnti)","15","valori medi","2","non alimentari","2013","2013",1903.83,,
"ITF2","Molise","SPESA_MEDIA","spesa media mensile familiare (in euro correnti)","15","valori medi","2","non alimentari","2013","2013",1558.27,,
"ITE2","Umbria","SPESA_MEDIA","spesa media mensile familiare (in euro correnti)","15","valori medi","999999","totale","2013","2013",2344.92,,
"ITG1","Sicilia","SPESA_MEDIA","spesa media mensile familiare (in euro correnti)","15","valori medi","2_9","istruzione","2013","2013",14.71,,
"ITD3","Veneto","SPESA_MEDIA","spesa media mensile familiare (in euro correnti)","15","valori medi","2","non alimentari","2013","2013",2269.67,,
"ITD3","Veneto","SPESA_MEDIA","spesa media mensile familiare (in euro correnti)","15","valori medi","2_11","altri beni e servizi","2013","2013",307.6,,
"ITC","Nord-ovest","SPESA_MEDIA","spesa media mensile familiare (in euro correnti)","15","valori medi","2_10","tempo libero, cultura e giochi","2013","2013",118.86,,
"ITG1","Sicilia","SPESA_MEDIA","spesa media mensile familiare (in euro correnti)","15","valori medi","999999","totale","2013","2013",1579.82,,
"ITF1","Abruzzo","SPESA_MEDIA","spesa media mensile familiare (in euro correnti)","15","valori medi","2_10","tempo libero, cultura e giochi","2013","2013",70.84,,
"ITC","Nord-ovest","SPESA_MEDIA","spesa media mensile familiare (in euro correnti)","15","valori medi","999999","totale","2013","2013",2672.54,,
"ITD2","Provincia Autonoma Trento","SPESA_MEDIA","spesa media mensile familiare (in euro correnti)","15","valori medi","2_11","altri beni e servizi","2013","2013",280.65,,
"ITE3","Marche","SPESA_MEDIA","spesa media mensile familiare (in euro correnti)","15","valori medi","2","non alimentari","2013","2013",1876.68,,
"ITC3","Liguria","SPESA_MEDIA","spesa media mensile familiare (in euro correnti)","15","valori medi","2_10","tempo libero, cultura e giochi","2013","2013",96.92,,
"ITF","Sud","SPESA_MEDIA","spesa media mensile familiare (in euro correnti)","15","valori medi","2_10","tempo libero, cultura e giochi","2013","2013",57.56,,
"ITF","Sud","SPESA_MEDIA","spesa media mensile familiare (in euro correnti)","15","valori medi","999999","totale","2013","2013",1878.11,,
"ITF6","Calabria","SPESA_MEDIA","spesa media mensile familiare (in euro correnti)","15","valori medi","999999","totale","2013","2013",1632.11,,
"ITF1","Abruzzo","SPESA_MEDIA","spesa media mensile familiare (in euro correnti)","15","valori medi","2","non alimentari","2013","2013",1629.73,,
"ITC4","Lombardia","SPESA_MEDIA","spesa media mensile familiare (in euro correnti)","15","valori medi","999999","totale","2013","2013",2774.07,,
"ITG2","Sardegna","SPESA_MEDIA","spesa media mensile familiare (in euro correnti)","15","valori medi","2","non alimentari","2013","2013",1377.9,,
"ITE3","Marche","SPESA_MEDIA","spesa media mensile familiare (in euro correnti)","15","valori medi","2_11","altri beni e servizi","2013","2013",245.22,,
"ITF5","Basilicata","SPESA_MEDIA","spesa media mensile familiare (in euro correnti)","15","valori medi","2_11","altri beni e servizi","2013","2013",170.83,,
"ITD","Nord-est","SPESA_MEDIA","spesa media mensile familiare (in euro correnti)","15","valori medi","2_10","tempo libero, cultura e giochi","2013","2013",125.16,,
"IT","Italia","SPESA_MEDIA","spesa media mensile familiare (in euro correnti)","15","valori medi","2","non alimentari","2013","2013",1898.33,,
